Articles,Prices,InStocks,N_colors,N_sizes
Débardeur KouCla sexy brodé,3.9,False,7,1
Débardeur sexy 'RockStar',3.9,True,7,1
Débardeur tendance KouCla...,3.9,True,7,1
Débardeur imprimé KouCla,3.3,False,5,1
Débardeur imprimé mains,3.3,True,8,1
Élégante robe crayon...,8.4,True,7,5
Top sexy avec manches...,4.8,True,6,4
Débardeur Sexy à fines...,3.6,False,8,1
Débardeur KouCla,3.6,True,9,1
Débardeur 'Rock & Roll',3.3,True,9,1
Pantalon sexy KouCla,7.2,True,5,1
"Débardeur sexy ""VIP""",3.3,False,9,5
Chemise cintrée sexy,12.0,True,8,3
Crop top KouCla sexy,3.3,True,6,4
Débardeur sexy classique,10.8,True,10,4
Chemisier sexy à manches...,7.92,True,5,1
Débardeur sexy KouCla avec...,3.6,True,9,2
Leggings 3/4 sexy transparent,2.7,True,7,1
Débardeur sexy KouCla,3.6,True,6,1
Débardeur V.I.P,3.3,True,5,1
Débardeur sexy imprimé X,3.0,True,7,1
Top sexy,3.9,True,8,1
Débardeur sexy 'Luxury' KouCla,3.9,True,9,1
Débardeur KouCla sexy avec...,3.9,True,8,1
Débardeur sexy koucla,3.6,True,9,1
T-shirt tendance KouCla...,3.6,True,8,2
T-shirt sexy KouCla sans...,4.8,False,9,1
Top élégant avec basque et...,6.0,True,5,1
T-shirt manches longues...,3.9,False,4,2
T-shirt sexy sans dos...,4.5,True,7,1
T-shirt tendance avec...,4.8,True,8,3
Treggings sexy avec des...,15.6,True,4,2
Crop-Top tendance,2.7,True,4,2
Crop top sexy KouCla avec...,10.8,True,9,2
T-shirt tendance KouCla...,4.5,True,7,1
Débardeur sexy KouCla motif...,3.6,False,8,1
Top Bandeau sexy KouCla...,3.9,True,7,2
Leggins sexy clouté,5.7,True,5,4
Top transparent sexy...,4.2,True,5,4
Pantalon sexy avec boucle...,7.8,True,5,1
Débardeur sexy KouCla...,4.2,True,11,1
Pull Koucla tendance avec...,15.0,True,6,5
Robe crayon sexy en dentelle,9.0,True,6,1
Pull côtelé KouCLa sexy...,14.4,True,6,1
Robe pull sexy col bardot...,16.19,True,7,1
Pull Col roulé sexy KouCla...,15.0,True,7,1
T-shirt endance 'KouCla...,3.9,True,8,1
Débardeur tendance Peace...,3.9,True,7,4
Pantalon sexy KouCla coupe...,15.6,True,6,4
Short KouCla sexy,5.4,True,5,1
Pull à épaules dénudées en...,14.4,True,7,4
Jupe crayon sexy avec...,7.8,True,12,3
Top Koucla sexy avec des...,5.7,True,5,1
Top bustier avec ornement,5.7,True,6,1
Pull en maille fine...,9.36,True,6,4
Chemisier sexy en...,10.8,True,5,1
Pull tendance rayé avec...,13.2,True,7,5
Jeans skinny sexy destroy...,21.84,True,1,4
Chemisier sexy aspect cuir...,15.6,True,4,1
Pull long moelleux sexy...,10.8,True,3,2
Pull court à col roulé sexy,20.4,True,7,2
Débardeur sexy avec imprimé...,4.5,True,7,3
Top sexy avec dentelle au...,5.4,True,5,4
Pantalon sexy KouCla Business,7.2,True,5,1
Débardeur sexy 'KouCla...,3.3,True,8,1
Top tendance KouCla,3.0,True,5,1
Débardeur sexy KouCla avec...,3.3,True,9,2
T-shirt sexy KouCla avec...,4.2,True,7,1
T-shirt avec traîne...,4.5,True,6,2
T-shirt sexy rayé avec des...,4.2,False,8,1
Mini robe sexy bandeau avec...,6.6,True,7,1
Débardeur sexy KouCla avec...,3.9,True,6,3
Monokini bondage sexy KouCla,7.8,True,5,1
Pullover Koucla tendance...,9.36,True,6,2
Top Koucla élégant avec...,5.4,True,5,4
Pantalon sexy à carreaux...,15.6,True,1,4
Robe asymétrique fashion en...,33.6,True,10,1
Crop top sexy à volants,7.8,True,4,4
Mini robe sexy KouCla avec...,6.9,True,5,1
Maillot sexy à manches courtes,4.2,True,7,1
"Débardeur sexy Koucla ""F_CK...",3.9,True,9,1
Débardeur Sexy couleur unie,9.6,True,11,1
Pull sexy KouCla avec...,15.6,True,6,1
Débardeur sexy KouCla avec...,3.3,False,9,4
Treggings sexy avec...,18.0,True,2,1
Top sexy avec fermeture éclair,2.7,True,7,4
Blazer sexy look business...,13.68,True,3,4
Mini robe sexy KouCla avec...,7.8,True,8,4
Robe sexy tendance,10.2,True,8,1
Débardeur sexy KouCla avec...,3.6,True,9,4
Monokini sexy avec dentelle,6.6,True,7,2
Pantalon sexy taille haute...,16.8,True,3,2
Leggings sexy aspect...,12.0,True,6,1
Débardeur KouCla sexy avec...,6.6,True,11,5
Jeans skinny sexy destroy...,21.6,True,1,2
T-shirt tendance KouCla...,3.9,True,11,3
Top latina sexy en dentelle...,5.1,True,5,1
Top sexy tendance fashion,13.2,True,12,4
Mini robe sexy avec dentelle,8.4,True,7,1
Pull tendance au look marine,10.2,True,6,4
Pantalon sexy avec ceinture...,7.2,True,5,4
Jeans KouCla sexy,21.6,True,1,2
T-shirt sexy KouCla avec...,4.2,True,8,2
T-shirt sexy KouCla avec...,4.8,True,9,1
Pull tendance Koucla avec...,10.8,True,6,1
Pull à col roulé tendance...,26.4,True,8,1
Mini robe sexy KouCla avec...,6.0,True,7,4
Robe courte sexy en dentelle,18.0,True,6,4
Robe fourreau sexy avec...,9.0,True,4,1
Pull sexy avec laçage,15.0,True,7,1
Pull tendance en fils...,9.36,False,5,5
Treggings sexy avec bandes...,16.8,True,4,4
Robe sexy bustier en  dentelle,9.0,True,7,1
Pull en maille Koucla tendance,9.0,True,5,1
Pull sexy en maille à...,24.0,True,6,1
Débardeur sexy KouCla avec...,3.6,True,9,1
Débardeur tendance avec...,3.9,True,5,1
Top KouCla sexy avec laçage...,4.8,False,9,4
Mini robe sexy avec...,7.2,True,4,1
Crop pull tendance à col roulé,12.0,True,7,3
Gilet à capuche sexy avec...,25.2,True,3,2
Leggings tendance taille...,13.2,True,6,1
Pull sexy en maille à une...,28.8,True,7,4
Jupe sexy à volants en faux...,22.8,True,4,4
Mini jupe sexy simili-cuir,22.8,True,3,2
Pantalon sexy avec clous et...,9.0,True,5,2
T-shirt KouCla sexy avec...,4.2,False,11,2
T-shirt sexy 'I Love...,3.9,False,9,1
T-shirt sexy KouCla avec...,9.6,True,11,4
Top sexy avec boucles en X,2.7,True,7,3
Mini robe sexy KouCla avec...,8.4,True,4,1
Slip de bikini sexy KouCla...,9.6,True,7,4
Top sexy en filet fluo,3.9,True,3,5
Robe de cocktail sexy...,9.6,True,6,1
Jeans sexy avec impression...,21.6,True,1,1
Mini robe bandeau sexy avec...,4.5,True,3,2
T-shirt sexy KouCla avec...,4.8,True,8,3
"T-shirt sexy  ""I hate being...",4.8,True,9,1
Short sexy,5.7,True,3,1
"Pull tendance ""BE RICH""",12.0,True,6,1
Pull Koucla tendance...,12.0,True,6,4
Pull douillet à encolure en V,22.8,True,9,4
Combinaison fashion,33.6,True,2,1
Pantalon sexy taille haute...,33.6,True,2,2
Robe tricotée sexy à col...,24.0,True,6,2
T-shirt sexy KouCla avec...,3.6,False,8,2
T-shirt sexy KouCla avec...,4.5,False,9,2
T-shirt sexy rayé avec...,4.2,True,8,1
T-shirt sexy KouCla avec...,4.8,False,9,1
Body sexy KouCla,26.4,True,4,1
Débardeur tendance 'Sexy'...,3.9,True,6,4
Débardeur sexy avec...,3.6,True,4,4
Top Koucla sexy avec basque,18.0,True,5,4
Bikini sexy KouCla avec...,6.6,True,6,1
Pantalon sexy en simili...,18.0,True,5,1
Mini robe sexy avec des...,8.4,True,4,1
Robe pull sexy à épaules...,15.6,True,8,4
Robe pull en maille sexy...,28.8,True,7,1
Robe de cocktail sexy,7.8,True,5,2
Pull tendance avec...,15.6,True,7,5
Pull sexy à col en U avec...,10.8,True,5,4
Veste sexy look militaire,40.8,True,1,1
Short sexy avec fine...,6.6,True,5,1
Crop top sexy à manches...,4.5,True,6,1
T-shirt tendance KouCla...,9.6,True,8,1
"T-shirt tendance ""SEXY...",3.9,True,7,1
Mini robe sexy KouCla avec...,8.4,True,7,4
Mini robe fronçée sexy avec...,8.4,True,8,1
Top sexy avec décolleté et...,9.6,True,5,1
Mini robe sexy Koucla Gogo...,15.0,True,4,5
Short gogo sexy avec zip,4.8,True,7,4
Chemise sexy effet satiné,28.8,True,5,4
Bikini sexy imprimé animal,6.0,True,6,4
Pantalon sexy simili cuir...,45.6,True,4,1
Pantalon sexy simili cuir...,22.8,True,4,1
Mini robe sexy à bretelles,7.2,True,5,1
Pull long KouCla sexy avec...,15.0,True,6,1
Pull sexy avec col en...,12.6,True,6,1
Pull tendance KouCla,9.36,True,7,1
Pull à col roulé Sexy Must...,21.6,True,13,4
Pull sexy col en V avec...,26.4,True,5,4
Mini jupe sexy simili cuir...,22.8,True,5,4
Pantalon tendance fines...,9.0,True,5,4
Pantalon sexy clouté avec...,16.32,True,2,4
Mini robe bandeau de soirée...,9.0,True,6,1
Mini robe sexy en dentelle,9.0,True,5,5
T-shirt tendance KouCla...,4.5,True,8,1
Pantalon sexy KouCla en...,18.0,True,3,3
Robe pull en maille...,28.8,True,6,4
Robe bandeau sexy avec noeud,7.8,True,7,4
Sweat-shirts sexy dentelle...,20.4,True,7,1
Blazer cintré sexy effet...,13.68,True,6,3
"Pull tendance ""WHAT ? """,10.8,True,4,4
Crop top sexy Koucla à...,19.2,True,5,4
Jupe crayon sexy taille...,7.2,True,5,3
Mini robe sexy avec basque,8.4,True,6,3
Robe de soirée sexy avec...,6.0,True,7,4
Mini robe sexy asymétrique...,7.8,True,6,1
Blouse sexy KouCla avec...,26.4,True,5,1
Débardeur avec nœud,3.6,False,7,5
Top sexy avec broderie,14.4,True,10,1
Treggings sexy avec zips,18.0,True,4,3
Shorts sexy classique,8.4,True,11,2
Leggings sexy à imprimé...,6.0,True,2,4
Leggings sexy clouté,9.6,True,3,1
Top sexy avec dentelle KouCla,26.4,True,5,1
Sweat shirt sexy à épaules...,15.6,True,5,1
Pull sexy col V motif zèbre...,12.0,True,4,1
Pull côtelé tendance KouCla,13.2,True,6,1
Robe pull sexy KouCla à...,15.6,True,7,3
Pull sexy col bardot,24.0,True,7,5
Robe fashion aspect satin...,36.0,True,4,1
Jeans skinny tendance,31.2,True,4,4
Robe moulante sexy en...,24.0,True,6,1
Mini jupe sexy effet mouillé,20.4,True,3,1
T-shirt sexy col en V,4.8,True,7,3
Crop top bandeau sexy avec...,3.3,True,10,2
Mini jupe sexy en jeans...,12.0,True,5,1
T-shirt sexy KouCla avec...,4.5,False,7,4
"T-shirt sexy ""Rock n Roll""...",8.4,True,8,1
Jupe crayon sexy KouCla...,8.4,True,4,3
Pull Koucla sexy,9.36,True,5,2
Bikini sexy avec Zip,10.56,True,4,5
"Débardeur sexy  ""One and Only""",5.4,True,2,4
Treggings sexy KouCla avec...,18.0,True,4,1
Pantalon  sexy simili cuir...,18.0,True,5,4
Robe sexy Koucla en maille...,17.4,True,4,4
Blazer sexy avec imprimé...,15.12,True,4,1
Veste sexy style motard...,30.0,True,3,1
Pull long sexy à épaules...,12.0,True,6,1
Pull long tendance à...,13.2,True,7,1
Pull Must Have Basic,13.2,True,5,1
Mini jupe sexy avec bande...,16.8,True,5,1
Sweat à capuche tendance en...,28.8,True,7,5
Pull sexy col V,26.4,True,6,3
Treggings sexy KouCla avec...,13.44,True,4,4
Robe crayon sexy avec...,9.0,True,4,3
Bas de bikini KouCla,7.2,True,8,4
Bikini sexy avec imprimé...,6.6,True,1,5
Treggings sexy effet cuir...,32.4,True,3,5
Pantalon skinny trendy avec...,16.2,True,6,4
Pantalon sexy aspect cuir,18.0,True,6,5
Pantalon sexy similicuir...,38.4,True,4,4
Robe sexy KouCla en dentelle,18.0,True,6,1
Top sexy avec strass tendance,18.0,True,6,4
Pull sexy avec de la...,12.6,True,5,4
Pantalon évasé taille haute...,36.0,True,7,3
Robe sexy imprimé fleuri et...,28.8,True,4,3
Veste tendance à capuche,24.0,True,6,1
Pantalon de jogging...,7.2,True,4,1
Top court sexy KouCla dos...,3.3,True,6,3
Robe sexy en tricot avec...,7.8,True,7,1
Robe droite sexy avec col...,9.0,True,6,4
Mini robe bandeau sexy,7.2,True,8,1
Treggings sexy avec clous...,16.32,True,3,3
Soutien-gorge gogo sexy,6.0,True,8,4
Bikini sexy tendance fashion,6.3,True,6,4
Monokini sexy avec clous,6.6,True,5,4
Jupe crayon sexy taille...,16.8,True,7,4
Pantalon sexy avec zips,36.0,True,3,1
Short jupe plissée sexy,5.7,True,4,1
Mini robe bandeau sexy avec...,7.2,True,8,1
Pull cache coeur sexy,15.0,True,9,1
"Crop pull sexy ""LONDON""",11.4,True,4,4
Pull large chauve souris...,15.6,True,6,1
Combinaison fashion avec...,39.6,True,7,4
Ensemble sexy,22.8,True,3,3
Jupe asymétrique fashion en...,24.0,True,2,4
Mini robe fashion look satin,26.4,True,5,2
Haut sexy à manches longues...,21.6,True,5,2
Blouse sexy large cache coeur,14.4,True,4,3
Crop top sexy bi couleur,5.1,True,7,4
Top sexy avec traîne en...,5.1,True,4,3
Bikini sexy avec des chaînes,6.6,True,6,3
Mini robe sexy en dentelle...,7.8,True,5,4
Crop top sexy aspect cuir...,6.9,True,4,1
Treggings slim sexy avec...,15.6,True,3,4
Short sexy avec découpes,8.4,True,2,1
Robe sexy bandeau avec clous,8.4,True,6,4
Top à manches longues sexy...,19.2,True,10,1
Blazer business sexy,15.84,True,2,1
Pull large KouCla tendance...,16.2,True,8,1
Pull tendance KouCla avec...,13.8,True,5,1
Sweat à capuche tendance...,16.8,True,7,2
Pull KouCla sexy avec...,14.4,True,6,4
Pull côtelé tendance à col...,21.6,True,8,1
Mini robe tendance à...,33.6,True,6,2
Pull oversize en maille...,31.2,True,6,3
Sweat-shirt court sexy LOVE,12.0,True,5,1
Jupe sexy ouverte devant,24.0,True,3,1
Robe trapèze sexy en maille...,24.0,True,6,1
Crop top sexy sans ventre...,9.0,True,7,4
T-shirt long sexy...,4.2,True,6,4
Treggings tendance avec...,16.8,True,2,1
Pantalon sexy avec paillettes,16.32,True,9,1
Robe de soirée sexy à nouer...,7.2,False,4,4
T-shirt sexy KouCla avec...,9.0,True,8,3
Corsage sexy avec strass,11.52,True,7,4
Bikini sexy,10.56,True,3,4
Robe crayon sexy avec...,9.0,True,7,4
Robe bandeau-cocktail sexy...,9.0,True,9,3
Chemisier bohème tendance...,13.2,True,4,4
Top sexy en dentelle,6.0,True,3,3
Bikini sexy KouCla triangle...,6.6,True,8,5
Top KouCla sexy avec basque,6.0,True,5,3
Jeans sexy avec de la dentelle,20.4,True,1,4
Jupe sexy imprimé carreaux...,15.0,True,3,4
Short sexy,10.08,True,2,2
Jupe crayon sexy avec ceinture,31.2,True,1,1
Minirobe sexy KouCla avec...,8.4,True,4,1
Robe de soirée sexy avec...,7.8,True,6,1
Robe courte sexy à paillettes,28.8,True,5,3
Robe sexy bandeau asymétrique,8.1,True,6,4
Robe de gala sexy avec strass,7.8,True,5,4
Robe de soirée sexy KouCla,37.2,True,5,4
Top sexy à manches longues...,9.0,True,6,4
Blazer sexy avec des...,15.84,True,4,1
Veste de motard sexy avec...,57.6,True,3,1
Pull Koucla sexy avec...,8.64,True,5,1
Pull large tendance KouCla...,15.6,True,6,1
Cardigan en maille tendance,31.2,True,4,4
Pull en tricot à épaules...,15.6,True,5,1
Jupe tendance taille haute...,22.8,True,2,1
Body sexy dos nu plongeant...,31.2,True,3,1
"Robe sexy en maille, col V,...",24.0,True,6,1
Robe sexy en maille fine...,22.8,True,6,4
Cardigan Sexy en  dentelle,36.0,True,3,3
Blouse transparente à...,20.4,True,4,4
Haut de bikini sexy,12.0,True,7,4
Combinaison sexy avec...,36.0,True,2,4
Jupe sexy KOUCLA aspect cuir,24.0,True,1,3
Mini jupe sexy simili cuir,24.0,True,3,1
Body sexy avec bas du dos nu,6.0,True,2,4
Top sexy avec des découpes,9.6,True,4,1
Treggings sexy avec...,16.8,True,1,3
Mini robe sexy,15.6,True,8,1
Mini jupe culotte 2 en 1 sexy,13.2,True,5,4
Mini robe sexy avec...,7.2,True,8,4
Jupe crayon sexy KouCla...,7.2,True,2,1
Jupe crayon taille haute...,9.0,True,6,3
Pull Koucla tendance...,9.36,True,6,1
Jupe crayon sexy KouCla...,15.0,True,2,4
Sautoir tendance avec pierres,9.6,True,4,1
Chemisier sexy à manches...,28.8,True,6,4
Top sexy avec basque et...,5.7,True,5,5
Top bandeau sexy avec...,5.7,True,5,5
Pantalon taille haute sexy,19.2,True,1,3
Treggings sexy KouCla...,16.8,True,4,3
Mini-robe sexy fronçée avec...,8.4,True,5,3
Mini robe sexy asymétrique...,7.8,True,5,1
Mini robe sexy asymétrique...,7.2,True,7,1
Robe de soirée sexy  avec...,38.4,True,4,4
Crop top sexy à manches...,9.24,True,8,1
Gilet sexy,10.8,True,2,1
Pull tendance avec tour de...,13.8,True,8,1
Pull tendance en tricot...,10.04,True,5,1
"Pull tendance "" Venice...",8.64,True,5,1
Robe pull en maille sexy...,25.2,True,6,4
Pull tendance chauve-souris...,15.0,True,7,3
Pantalon évasé taille haute...,31.2,True,5,2
Top fashion à bretelles...,13.2,True,5,4
Ensemble sportif tendance -...,26.4,True,3,1
Pantalon fashion avec ceinture,28.8,True,4,4
Pull fashion avec laçage au...,24.0,True,6,3
Jupe crayon sexy avec...,26.4,True,3,1
Crop top fashion en satin...,21.6,True,3,4
Pull côtelé tendance à une...,25.2,True,6,1
Veste d'affaires ajustée sexy,43.2,True,2,3
Robe courte sexy en maille,24.0,True,12,3
Bikini sexy,26.4,True,7,2
Robe longue sexy ajourée...,36.0,True,7,4
Leggings court sportswear sexy,10.8,True,10,2
Jupe crayon sexy avec...,7.2,True,5,4
Mini robe sexy tendance,7.8,True,6,4
Pantalon sexy avec ceinture...,13.39,True,4,1
Treggings sexy avec...,16.85,True,2,1
T-shirt sexy KouCla avec...,10.81,True,8,1
Mini robe sexy col et...,9.36,True,4,2
Mini robe sexy avec...,10.08,True,6,1
T-shirt sexy KouCla avec...,8.4,False,11,2
Top portefeuille sexy,12.0,True,7,4
Collants sexy en maille,7.2,True,2,3
Blouse sexy avec broderie,31.2,True,4,3
Top en dentelle sexy avec...,7.2,True,7,4
Monokini sexy avec chaîne,4.8,True,2,1
Crop top sexy KouCla,14.4,True,1,4
Top de soirée sexy,18.0,True,8,4
Jeans slim tendance,19.8,True,1,1
Jupe crayon sexy avec...,13.2,True,3,4
Jupe crayon sexy,13.2,True,7,2
Treggings sexy avec bandes...,16.2,True,2,3
Leggings sexy avec imprimé,6.0,True,1,3
Leggings sexy en dentelle,6.0,True,2,4
Leggings sexy aspect...,7.8,True,2,3
Robe sexy KouCla avec dentelle,18.0,True,5,1
Mini robe sexy fronçée...,7.2,True,5,3
Mini-robe sexy avec des...,8.4,True,9,3
Robe à manches longues Sexy...,9.0,True,4,5
Robe sexy KouCla avec dentelle,15.6,True,5,1
Robe sexy en dentelle à...,18.0,True,5,4
Pull sexy à épaules dénudées,8.4,True,5,1
Blazer KouCla sexy clouté,15.12,True,4,1
Pull côtelé tendance,15.0,True,7,1
Pull à col roulé en tricot...,16.2,True,6,1
Pull large tendance avec...,16.2,True,6,2
Combinaison fashion avec...,32.4,True,4,1
Soutien-gorge en dentelle,9.6,True,3,2
"Ensemble de sport, haut...",20.4,True,6,2
Pull Carmen sexy avec strass,10.8,True,5,1
Combinaison tendance 2...,31.2,True,6,2
Pull sexy dos nu,22.8,True,6,4
Maxi robe d'été fashion...,24.0,True,8,4
Pantalon sexy slim simili cuir,31.2,True,3,1
Jupe crayon sexy taille...,18.0,True,5,4
T-shirt sexy KouCla avec...,9.6,True,8,1
Treggings sexy avec clous...,12.65,True,3,4
T-shirt sexy KouCla KissMe...,8.4,True,8,4
Mini robe bandeau sexy à...,7.8,True,5,4
Robe Koucla tendance avec zip,9.0,True,3,4
Pantalon sexy avec paillettes,17.71,True,7,4
Mini jupe sexy business...,6.6,True,6,1
Pantalon sexy en similicuir...,9.0,True,3,4
Bague sexy faux diamands,9.6,True,2,2
Mini robe bandeau cocktail...,8.4,True,6,4
Chemisier sexy en...,6.3,True,5,1
Débardeur sexy KouCla effet...,13.2,True,2,3
Débardeur sexy avec traîne...,4.2,True,5,4
Monokini sexy avec des clous,6.6,True,3,4
Mini-jupe sexy en velours...,28.8,True,3,4
Mini jupe sexy simili cuir,21.6,True,3,5
Jupe taille haute sexy en...,19.2,True,5,4
Pantalon sexy simili cuir...,36.0,True,1,3
Pantalon sportswear...,18.0,True,3,1
Short sexy taille haute...,15.6,True,2,1
Robe longue tendance en...,17.4,True,5,2
"Robe sexy, avec broderie et...",8.4,True,7,1
Jeggings sexy avec poches,13.2,True,2,1
Mini robe sexy à col bardot...,7.2,True,4,3
Robe de soirée sexy bi couleur,7.8,True,5,4
Mini robe sexy avec basque,7.8,True,5,4
Robe sexy à manches fluides,36.0,True,5,3
Robe sexy tendance avec...,18.0,True,6,1
Top sexy manches longues en...,18.48,True,6,4
Top sexy à manches longues...,14.4,True,15,3
Veste d'été sexy,20.4,True,7,1
Gilet KouCla sexy avec...,15.6,True,4,1
Pull sexy avec une chaîne,14.4,True,6,1
Pull tendance Koucla 2 en 1,11.4,True,5,1
Pull long sexy avec...,24.0,True,7,1
Pull sexy manches longues,11.4,True,7,1
Pull col roulé sexy,15.6,True,5,4
Pull en maille XL KouCla...,12.6,True,6,1
Mini robe sexy en latex,28.8,True,6,1
Robe fashion Koucla effet...,26.4,True,6,1
Mini robe à épaules...,40.8,True,3,1
Cardigan en tricot douillet,16.2,True,6,3
Leggings court tendance,8.4,True,4,3
Robe patineuse fashion dos...,31.2,True,2,1
Robe fashion en satin à col...,33.6,True,4,1
Robe fashion en maille fine...,24.0,True,7,1
Robe fashion avec laçage,30.0,True,4,1
Pull long fashion en grosse...,26.4,True,6,4
Pull sexy court en maille fine,20.4,True,8,4
Mini robe sexy effet mouillé,26.4,True,3,5
Mini robe sexy en simili cuir,33.6,True,2,1
Pantacourt en jeans skinny...,28.8,True,2,4
Robe sexy tendance col montant,40.8,True,3,1
Robe tendance ceinture...,28.8,True,6,2
Top Koucla avec dos sexy,4.5,True,4,1
T-shirt rayures sexy avec...,5.04,True,8,1
Robe de cocktail sexy avec...,7.8,True,4,2
Mini robe sexy dos nu,5.4,True,5,3
Body sexy à épaules dénudées,9.6,True,5,3
Bikini sexy avec boucles,10.56,True,6,1
Bikini sexy à nouer imprimé...,10.56,True,5,1
Robe sexy GoGo simili cuir...,12.0,True,7,4
Mini robe bandeau sexy...,7.8,True,2,1
Pantalon sexy KouCla avec...,18.0,True,3,3
Short gogo sexy,4.8,True,7,4
Robe de soirée sexy avec...,9.6,True,5,3
Crop top sexy,13.2,True,5,3
Bikini sexy à nouer avec...,6.6,True,5,4
Bikini sexy,6.6,True,4,3
Bikini triangle sexy KouCla...,6.6,True,1,4
Bikini sexy avec boutons et...,6.6,True,4,3
Monokini sexy en style pin-up,6.9,True,3,3
Monokini sexy,7.2,True,2,2
Monokini sexy avec Boucles,6.6,True,3,4
T-shirt sexy effet mouillé,11.4,True,1,3
Combinaison sexy,38.4,True,3,4
Combishort sexy,24.0,True,2,4
Jeans skinny sexy,19.8,True,1,4
Jupe crayon sexy en simili...,28.8,True,2,3
Pantalon droit sexy KouCla,15.6,False,2,5
Treggings sportswear tendance,12.0,True,4,4
Pantalon sexy simili cuir,36.0,True,2,5
Pantalon sexy aspect cuir...,43.2,True,1,5
Pantalon sexy avec laçage...,36.0,True,4,5
Pantalon skinny sexy taille...,36.0,True,3,5
Treggings sexy simili cuir,36.0,True,1,4
Pantalon sexy KouCla,33.6,True,3,4
Short sexy look carré avec...,8.64,False,2,2
Leggings effet mouillé...,24.0,True,2,3
Leggings sexy avec insert...,7.8,True,1,4
Robe sexy KouCla avec sequin,8.4,False,7,1
Robe KouCla sexy avec dentelle,33.6,True,6,1
Robe droite sexy avec de la...,8.4,True,5,1
Robe sexy avec bracelet...,9.0,True,4,4
Mini robe sexy dos nu,8.4,True,9,1
Robe sexy avec des pierres...,23.4,True,5,4
Sweat en maille sexy...,6.84,True,7,1
Blazer sexy KouCla ajusté...,25.2,True,2,1
Pull en maille tendance...,12.0,True,5,1
Pull en tricot KouCla...,16.2,True,6,1
Pull court sexy à col roulé,16.8,True,6,1
Cardigan KouCla sexy avec...,12.0,True,5,1
Combinaison d'été tendance...,43.2,True,5,2
Robe mi-longue basique...,27.6,True,5,1
Crop top cache-cœur fashion...,13.2,True,4,2
Mini robe fashion à manches...,30.0,True,5,3
Leggings tendance taille haute,15.6,True,6,3
Leggings tendance,15.6,True,6,1
Robe tendance look satin,33.6,True,4,1
Mini jupe fashion imprimé...,24.0,True,5,4
Pull en maille V-Cut...,22.8,True,7,4
Combinaison fashion,43.2,True,2,1
Combinaison tendance avec...,24.0,True,5,4
Robe midi fashion en maille...,24.0,True,5,4
Mini robe fashion à effet...,36.0,True,6,1
Jupe crayon fashion en...,21.6,True,3,5
Robe ajustée tendance avec...,31.2,True,8,4
Veste courte sexy avec...,28.8,True,3,1
Manteau long Koucla...,64.8,True,3,3
Boucles d'oreilles fashion,7.2,True,3,4
Jupe simili cuir sexy,21.6,True,3,5
Combishort sexy effet Jeans,36.0,True,1,2
Jeans sexy taille haute...,33.6,True,1,4
Pantalon taille haute sexy...,15.6,True,6,4
Pantalon sexy avec faux...,8.64,True,4,4
Combinaison latex sexy avec...,55.2,True,2,4
Pantalon sexy simili cuir...,33.6,True,4,1
Mini jupe sexy simili cuir...,21.6,True,3,1
T-shirt tendance KouCla...,9.6,True,8,1
Crop top sexy avec traîne dos,9.54,True,5,4
Bustier bandeau sexy avec...,5.4,False,9,4
Jupe d'affaires sexy avec...,18.0,True,4,3
Pantalon sexy avec chaînes,14.4,True,2,1
Top manches asymétriques,3.3,True,4,4
"Top sexy  ""Everybody wants...",3.6,True,8,1
Top Koucla sexy avec...,10.8,True,6,1
Mini robe bandeau sexy...,7.8,True,7,1
Robe bandeau sexy avec...,6.0,True,3,1
Robe de soirée sexy avec...,6.6,True,7,1
Robe de soirée bandeau sexy...,9.36,True,6,2
Mini robe sexy KouCla...,7.2,True,5,2
"T-shirt sexy KouCla "" Never...",9.6,True,11,1
T-shirt sexy avec strass...,10.2,False,11,4
Mini robe sexy avec noeud...,7.2,True,6,4
Pantalon KouCla sexy avec...,13.39,True,4,1
Mini jupe sexy avec clous...,12.0,True,5,4
Ceinture chaîne sexy,14.4,True,2,4
Jambières en tricot sexy,13.2,True,7,4
Ceinture tendance à paillettes,8.4,True,7,2
Blouse corsage 2 en 1 sexy...,31.2,True,5,3
Chemisier cache-cœur à...,24.0,True,4,4
Chemisier sexy à manches...,20.4,True,4,4
Blouse sexy avec décolleté...,14.4,True,3,3
Body KouCla sexy bretelles...,22.8,True,6,4
Top sexy en dentelle,21.6,True,6,4
Bas de bikini KouCla taille...,9.6,True,7,3
Haut de bikini triangle...,9.6,True,7,5
Top sexy tendance,22.8,True,7,4
Combinaison sexy KouCla,36.0,True,4,1
Combishort sexy dos nu,34.8,True,6,4
Jupe crayon sexy avec...,13.8,True,3,3
Mini jupe sexy motif...,21.6,True,1,3
Jupe sexy en maille taille...,14.4,True,6,1
Robe sexy bardot avec dentelle,36.0,True,7,3
Mini robe sexy avec tissu...,8.4,True,3,3
Robe sexy KouCla avec...,33.6,True,4,1
"Robe sexy asymétrique, fronçée",7.8,True,8,3
Mini robe sexy évasée avec...,26.4,True,5,3
Robe sexy avec fermeture...,31.2,True,3,1
Robe sexy en maille,15.6,True,4,1
Mini robe sexy fronçée avec...,9.0,True,5,4
Top sexy KouCla avec filet...,16.8,True,6,1
Jupe sexy taille haute...,13.8,True,6,1
Top sexy cache coeur avec...,12.0,True,5,1
Veste sexy style motard...,28.8,True,3,1
Pull large sexy en maille...,15.0,True,7,1
Pull large sexy col en V,20.16,True,6,1
"Sweat shirt tendance ""Crazy""",12.0,True,4,1
Pull tendance imprimé...,11.4,True,5,1
Pull chauve-souris tendance...,16.8,True,8,2
Pull sexy avec découpes et...,30.0,True,6,3
Mini robe en maille tendance,26.4,True,7,1
Pull court confortable,31.2,True,6,2
Combinaison d'été fashion à...,20.4,True,3,2
Pantalon tendance taille...,12.0,True,4,3
Mini robe à bretelles avec...,33.6,True,4,1
Cardigan tendance à rayures...,15.0,True,3,1
Ensemble de sport tendance...,28.8,True,1,5
Leggings push-up fashion...,19.2,True,3,4
Haut tendance à bretelles...,18.0,True,3,3
Top brodé décolleté avec...,20.4,True,6,1
Jupe en jeans boutonnée...,31.2,True,2,1
Combinaison fashion avec...,31.2,True,4,1
Jupe crayon tendance avec ZiPP,24.0,True,2,3
Mini robe fashion avec...,24.0,True,4,4
Crop Top fashion Koucla...,20.4,True,3,1
Masque facial tendance,6.0,True,2,1
Mini robe sexy,36.0,True,2,1
Mini robe sexy en latex...,43.2,True,2,1
Pull tendance à épaules...,24.0,True,6,1
Bonnet tendance à double...,12.0,True,8,1
Haut sexy en filet Koucla...,18.0,True,3,1
Jupe sexy avec des franges...,21.6,True,3,1
Top sexy en satin dos nu,24.0,True,5,3
Robe sexy en tricot avec...,26.88,True,1,5
Ensemble top et bermuda à...,28.8,True,4,1
Robe longue ajourée et dos...,36.0,True,9,1
Jupe sexy Fashionista en...,31.2,True,5,5
Salopette denim tendance,33.6,True,4,4
Robe sexy avec filet dos,31.2,True,3,1
T-shirt sexy KouCla sans...,9.6,True,8,1
Jeans skinny sexy KouCla...,24.0,True,3,1
Robe droite sexy avec...,9.0,True,5,4
Pull chauve souris Koucla...,12.38,True,6,1
Pull tendance Koucla avec...,9.36,True,5,4
Pull court KouCla sexy avec...,12.38,True,6,4
Bikini sexy brillant,6.07,True,6,4
Mini robe de soirée sexy...,6.0,False,2,3
Pantalon KouCla sexy clouté,16.32,True,4,3
Pantalon sexy en similicuir...,18.0,True,1,1
Monokini sexy,10.08,True,8,1
Bikini sexy avec anneaux,10.56,True,6,1
Mini jupe sexy simili cuir,10.8,True,2,4
Bracelet tendance noeud,4.2,True,6,2
Boucles d'oreilles sexy,4.8,True,3,1
Top sexy GoGo simili cuir...,6.6,True,5,1
Chemisier sexy à manches...,27.6,True,4,4
"Top sexy KouCla imprimé ""I...",4.8,True,9,4
Crop top sexy effet cuir,15.6,True,1,5
Crop top sexy effet mouillé,13.2,True,2,4
Bikini sexy avec imprimé,6.0,True,1,1
Mini-jupe sexy imprimé...,26.4,True,1,1
Treggings taille haute sexy...,31.2,True,3,2
Pantalon en cuir sexy à...,38.4,True,4,2
Short sexy GoGo simili cuir...,12.0,True,5,5
Leggings tendance,13.2,True,3,4
Leggings sexy effet mouillé...,8.4,True,2,4
Pantalon sexy simili cuir,7.2,True,5,4
Robe sexy en dentelle,36.0,True,5,3
Mini robe sexy en dentelle...,28.8,True,3,3
Robe en dentelle sexy,36.0,True,6,1
Robe sexy fashion tendance,26.4,True,5,1
Mini robe sexy avec...,7.8,True,3,1
Mini robe sexy KouCla,33.6,True,2,4
Robe à col roulé en tricot...,15.6,True,4,4
Robe longue en tricot sexy,18.0,True,7,3
Robe sexy en maille à col...,28.8,True,4,8
Robe bustier sexy tendance,9.0,True,8,4
Robe sexy KouCla,31.2,True,3,4
Pull tendance avec une...,9.6,True,6,1
Robe crayon sexy KouCla...,36.0,True,6,1
Body sexy avec un décolleté...,31.2,True,5,1
Veste sexy en similicuir...,57.6,True,3,1
Pull KouCla sexy look...,21.6,True,7,1
Sweat shirt col rond...,10.8,True,6,1
Pull large sexy à rayures...,12.0,True,7,1
Robe en maille à col roulé...,28.8,True,5,1
Robe pull tendance en...,15.6,True,7,4
Pull chauve-souris tendance,15.6,True,8,4
Pull large tendance en...,15.6,True,6,2
mini robe fashion sexy avec...,24.0,True,4,1
Mini jupe taille haute sexy...,32.4,True,4,3
Pantalon taille haute...,21.6,True,5,2
Ensemble 2 pièces sport :...,34.8,True,5,2
Pull sexy à épaules...,31.2,True,5,4
Pantalon taille haute...,12.0,True,4,1
Short taille haute tendance...,9.6,True,5,5
Pantalon d'été taille haute...,13.2,True,3,1
Ensemble lingerie 2 pièces,21.6,True,3,1
Haut à encolure fashion,21.6,True,5,2
Jeans taille haute tendance...,33.6,True,2,5
Pull tendance effet cache-cœur,21.6,True,9,5
Robe mi-longue fashion en...,43.2,True,5,1
Survêtement sport tendance...,30.0,True,3,2
Manteau fashion en simili...,100.8,True,3,1
Jeans slim taille haute...,28.8,True,1,1
Lunettes d'été...,10.8,True,5,1
Short fashion avec poches,12.0,True,6,1
Top fashion dos nu en satin...,20.4,True,7,3
Combinaison fashion avec...,32.4,True,4,4
Combinaison fashion à jambe...,45.6,True,5,4
Robe nuisette fashionà...,31.2,True,6,4
Blouse courte fashion à...,31.2,True,1,5
Jupe fashion aspect cuir à...,24.0,True,2,1
Crop top en latex,21.6,True,2,1
Salopette tendance Koucla à...,36.0,True,7,2
Short fashion avec dentelle,21.6,True,1,1
Robe tendance en maille...,33.6,True,6,3
Robe courte fashion à volants,26.4,True,4,1
Sweat-shirts tendance...,12.0,True,6,1
Bonnet d'hiver doublé...,10.8,True,8,3
Haut sexy en cuir à manches...,28.8,True,4,4
Pull court sexy,20.4,True,6,1
Combishort en tricot...,18.48,True,5,4
Robe sexy en simili cuir...,45.6,True,4,1
Pantalon sexy avec couronne...,12.65,True,6,1
Top sexy,6.6,False,4,1
Pantalon sexy avec aspect cuir,12.48,True,4,2
Pull sexy 2en1 rayé,12.38,True,6,2
Mini robe sexy avec...,12.6,True,2,1
Robe asymétrique sexy en...,8.4,True,8,1
T-shirt tendance rayé,9.0,True,8,2
T-shirt sexy KouCla avec...,5.04,False,11,1
Mini robe sexy bandeau,6.6,True,3,3
Ceinture sexy aspect reptile,6.72,True,1,3
Robe en mousseline de soie...,6.6,True,3,1
Top transparent sexy avec...,11.93,True,6,1
Bikini triangle sexy avec...,9.6,True,5,1
Monokini tendance sexy avec...,6.24,True,6,4
Sneaker tendance avec...,15.0,True,3,3
Bloucles d'oreilles...,10.8,True,6,4
Collant sexy à fines rayures,8.4,True,1,4
Mini robe gogo sexy extensible,12.0,True,5,3
Chemisier sexy avec boutons...,31.2,True,3,3
Chemisier sexy dos nu avec...,28.8,True,3,4
Top sexy en dentelle col...,26.4,True,6,3
Bikini à balconnet sexy...,7.5,True,4,4
Bikini sexy rayé avec...,6.0,True,3,4
Bikini sexy avec chaînes,6.9,True,5,4
Combi pantalon skinny sexy...,38.4,True,4,3
Combi pantalon bandeau sexy...,19.2,True,4,3
Combinaison bandeau sexy à...,33.6,True,2,5
Mini-jupe sexy à carreaux,26.4,True,1,4
Mini jupe sexy aspect cuir...,24.0,True,3,4
Mini jupe sexy en simili...,28.8,True,2,4
Jupe sexy taille haute avec...,31.2,True,3,1
Treggings skinny sexy avec...,18.0,True,2,2
Pantalon sexy en similicuir,36.0,True,3,1
Pantalon sexy simili cuir...,36.0,True,2,4
Shorts sexy KouCla taille...,19.2,True,1,3
Caches jambes sexy GoGo en...,7.2,True,5,2
Leggings effet mouillé...,15.6,True,4,1
Leggings sexy KouCla avec...,13.2,True,3,4
Robe de soirée sexy avec...,36.0,True,3,1
Mini robe sexy KouCla avec...,28.8,True,5,1
Mini robe sexy avec des...,6.0,True,7,1
Mini robe débardeur sexy 2...,9.0,True,7,1
Robe sexy tendance avec strass,36.0,True,9,1
Mini robe sexy avec col...,6.6,True,4,1
Mini-robe bandeau sexy à...,7.8,True,5,4
Robe en maille sexy avec...,15.6,True,6,4
Robe en maille fine...,16.8,True,5,4
Robe col roulé sexy KouCla,22.8,True,9,1
Robe sexy avec col fausse...,15.6,True,6,8
Robe de cocktail sexy avec...,33.6,True,3,8
Mini robe sexy asymétrique,33.6,True,7,4
Robe de cocktail sexy,8.4,True,5,1
Pull long sexy asymétrique,9.0,True,6,1
Pull à manches longues sexy,24.0,True,6,1
Pull tendance à épaules...,21.6,True,6,1
Veste sexy en cuir,34.8,True,1,1
Pull sexy col bardot avec...,15.6,True,6,1
Pull tendance avec broderie...,21.6,True,7,1
Pull en maille tendance,14.4,True,7,1
Pull en maille sexy avec...,26.4,True,7,1
Pull sexy avec décoration...,26.4,True,7,4
Pull tendance avec ruban,11.4,True,7,1
Pull sexy en maille KouCla...,15.6,True,7,2
Crop pull sexy avec dentelle,14.4,True,6,3
Pull chauve-souris tendance...,15.0,True,7,1
jupe taille haute tendance...,21.6,True,3,1
Pull tendance coupe...,32.4,True,5,2
Pull col roulé sexy en...,26.4,True,5,2
Mini robe sexy en satin,36.0,True,4,3
Crop top cache-cœur tendance,26.4,True,5,5
Robe d'été sexy avec fente...,33.6,True,5,1
Robe longue à épaules...,24.0,True,4,3
Robe tendance,24.0,True,5,1
Pantalon d'été taille haute...,13.2,True,4,4
Jeans push-up taille basse...,30.0,True,1,2
Jupe-short fashion avec...,26.4,True,5,4
Mini robe fashion look latex,36.0,True,3,1
Pull côtelé court avec laçage,22.8,True,7,4
Combinaison fashion à...,45.6,True,4,1
Leggings fashion,24.0,True,5,1
Jupe-short fashion taille...,28.8,True,2,1
Mini robe de soirée avec...,40.8,True,5,1
Mini robe fashion à manches...,36.0,True,3,1
Body fashion à une épaule...,33.6,True,5,2
Ensemble en dentelle 3 pièces,24.0,True,3,4
Pantalon taille haute...,31.2,True,1,2
Robe moulante tendance à...,33.6,True,4,1
Combinaison tendance avec...,33.6,True,2,1
Robe fashion avec décolleté...,45.6,True,5,5
Combinaison d'été fashion à...,18.0,True,3,1
Combinaison fashion KouCla...,31.2,True,2,2
Mini-robe de soirée...,33.6,True,3,1
Top tendance basique à...,16.8,True,7,3
Mini robe sexy à col en V...,33.6,True,7,1
Jeans fashion taille haute...,31.2,True,3,1
Pull fashion super court à...,13.2,True,7,1
Ensemble fashion avec...,26.4,True,1,1
Pull en V tendance,24.0,True,7,1
Mini robe sexy,31.2,True,2,5
Boucles d'oreilles Sexy Big,10.8,True,3,1
Débardeur tendance en tricot,11.4,True,6,5
Salopette col V sexy à nouer,36.0,True,6,3
Cardigan sexy à manches...,20.4,True,8,3
Crop top sexy,9.6,True,6,3
Bermuda en Jeans sexy...,25.2,True,1,5
Top à col roulé tendance...,20.4,True,9,5
Short jeans sexy taille haute,27.6,True,3,1
Short en simili cuir sexy,31.2,True,5,3
Monokini sexy KouCla,26.4,True,3,1
Jupe taille haute avec de...,28.8,True,2,1
Jeans sexy taille haute...,32.4,True,1,1
Jeans tendance,31.2,True,5,4
Top sexy manches longues...,21.6,True,3,2
Robe longue scintillante...,43.2,True,2,1
Crop top sexy look latino,19.2,True,5,1
"Sexy KouCla Crop top ""I m...",3.3,True,5,3
Crop top sexy KouCla...,6.24,True,3,4
Pantalon skinny sexy,16.8,True,2,1
Mini robe de soirée sexy à...,8.4,True,8,2
Mini robe sexy avec cache...,9.0,True,9,3
Mini robe sexy KouCla avec...,8.4,True,8,4
Top tendance avec...,12.08,True,5,4
Robe d'été sexy KouCla avec...,24.12,True,3,5
Top gogo sexy,9.6,True,8,3
T-shirt sexy KouCla avec...,3.9,True,11,4
Bikini sexy avec fines...,10.56,False,4,3
Pantalon sexy avec imprimé...,16.32,True,4,6
Short sexy koucla taille...,15.6,True,4,1
Pantalon sexy en similicuir...,18.0,True,2,1
Bikini triangle sexy avec...,9.12,True,6,1
Body sexy fashion bicolore,12.0,True,6,1
Bikini sexy imprimé animal,10.56,True,4,1
Jeans sexy,22.8,True,1,1
Mini robe tendance gogo...,15.6,True,3,4
Ceinture sexy avec chaînes,4.8,True,3,4
Collier tendance avec perles,9.74,True,4,3
Boucles d'oreilles tendance...,4.8,True,3,4
Boucles d'oreilles sexy...,9.6,True,3,3
Mini robe gogo sexy sans...,15.6,True,7,4
Crop top manches longues...,14.48,True,6,3
Blouse sexy avec décolleté...,26.4,True,8,3
Crop top sexy en dentelle,26.4,True,3,4
Bas de bikini brésilien sexy,9.6,True,6,4
Bikini triangle sexy KouCla...,26.4,True,5,3
Monokini sexy avec ceinture,6.6,True,6,4
Monokini sexy bandeau avec...,6.6,True,7,4
Top de soirée sexy effet...,21.6,True,5,4
Crop top sexy latina KouCla,19.2,True,6,5
Salopette débardeur sexy bi...,19.2,True,6,4
Combinaison sexy KouCla...,43.2,True,2,4
Jupe crayon sexy,24.0,True,3,4
Mini jupe d'affaires sexy...,26.4,True,4,5
Jupe crayon sexy avec...,14.4,True,1,5
Pantalon taille haute sexy...,31.2,True,3,2
Pantalon sexy à carreaux...,15.6,True,2,3
Short sexy effet cuir,14.4,True,2,3
Pantalon sexy simili cuir,18.0,True,3,4
Treggings sexy KouCla avec...,36.0,True,3,4
Treggings sexy KouCla avec...,18.0,True,5,4
Leggings sexy look léopard...,6.0,True,2,2
Leggings sexy avec laçage,16.8,True,3,3
Mini robe sexy KouCla Gogo...,31.2,True,5,1
Robe sexy en dentelle tendance,30.0,True,5,2
Robe business sexy avec zip,31.2,True,7,1
Mini robe sexy,5.4,True,4,4
Robe bustier à bretelles...,36.0,True,4,5
Robe sexy tendance avec...,31.2,True,7,1
Robe en tricot sexy...,21.6,True,7,3
Mini-robe sexy avec un...,31.2,True,4,1
Mini robe bandeau sexy avec...,8.4,True,5,3
Robe bandeau sexy,36.0,True,3,2
Pantalon sexy Koucla aspect...,20.4,True,1,3
Top sexy transparent à...,10.2,True,4,2
Chemise sexy avec son dos nu,16.8,True,6,4
Sweat shirt tendance Koucla...,10.8,True,8,1
Top sexy à manches longues...,16.8,True,5,1
Top col bardot sexy en...,13.2,True,11,1
Pull sexy avec filet en...,12.0,True,7,1
Top sexy en dentelle...,11.4,True,4,1
Veste tendance,24.0,True,6,1
Crop top sexy avec franges,7.92,True,4,1
Crop top sexy fashion,13.2,True,4,1
Pull KouCla sexy avec laçage,24.0,True,6,4
Pull destroy tendance avec...,16.8,True,7,1
Pull tendance Koucla avec...,14.4,True,5,5
Pull sexy en maille fine,15.6,True,6,4
Pull tendance KouCla,15.0,True,6,1
Pull large sexy col bardot,24.0,True,6,2
Bikini sexy,26.4,True,3,1
mini robe au crochet sexy...,31.2,True,5,4
jeans taille moyenne sexy...,30.0,True,2,1
pantalon sexy tendance,28.8,True,4,4
robe fashion en maille sexy...,24.0,True,7,5
jogging sexy tendance...,14.4,True,6,1
combinaison fashion sexy...,33.6,True,4,1
mini robe sexy fashion...,33.6,True,4,5
pull à col roulé sexy fashion,21.6,True,6,1
Mini jupe basique taille...,21.6,True,3,1
Jeans skinny taille haute...,28.8,True,2,3
Robe sexy en grosse maille...,36.0,True,6,1
Pull sexy à col en V avec...,30.0,True,5,2
Pantalon évasé taille haute...,33.6,True,4,1
Pull tendance en maille...,27.6,True,6,2
Pull douillet à col roulé,33.6,True,5,2
Robe simili cuir sexy...,36.0,True,3,3
Crop top basique tendance,13.2,True,5,2
Mini robe sexy avec découpe,27.6,True,4,1
Robe longue été fashion...,43.2,True,3,2
Maxi robe d'été tendance...,31.2,True,6,2
Mini robe d'été tendance...,21.6,True,4,2
Pantalon taille haute...,13.2,True,4,1
Combinaison à bretelles...,15.6,True,4,1
Mini robe fashion,28.8,True,4,1
Robe longue à encolure...,22.8,True,4,2
Pantalon d'été taille haute...,13.2,True,5,3
Robe longue tendance au...,22.8,True,3,3
Mini-robe fashion à manches...,32.4,True,5,4
Robe portefeuille fashion à...,36.0,True,4,4
Pull court tendance avec noeud,24.0,True,6,1
Leggings thermique fashion...,24.0,True,6,3
Crop top tendance en simili...,22.8,True,2,4
Mini jupe fashion look...,16.8,True,5,1
Pantalon en cuir taille...,31.2,True,4,1
Body en simili cuir avec...,28.8,True,5,1
Pull tendance en maille...,15.0,True,5,4
Mini robe fashion en satin...,36.0,True,4,2
Robe fashion en faux cuir,38.4,True,3,4
Chemisier à volants à...,20.4,True,5,1
Robe moulante fashion en...,36.0,True,5,1
Mini-jupe en maille cache-cœur,11.4,True,3,1
Mini-jupe boutonnée tendance,26.4,True,1,1
Body échancré tendance à...,15.6,True,2,2
Pantalon de sport tendance...,19.2,True,1,1
Robe chemise fashion en...,48.0,True,10,1
Chemisier court tendance,33.6,True,6,1
Robe moulante fashion avec...,26.4,True,6,1
Haut à bretelles corset...,19.2,True,6,1
Short d'été tendance avec...,10.8,True,2,2
Short legging tendance,8.4,True,6,5
Combinaison dos nu fashion,33.6,True,5,1
Combinaison tendance...,31.2,True,2,1
Blouse courte fashion avec...,24.0,True,2,2
Mini robe fashion,28.8,True,1,3
Top fashion avec aspect...,15.6,True,3,3
Jeans skinny tendance...,33.6,True,4,1
Veste en simili cuir très...,20.4,True,6,3
Top court sexy à manches...,11.4,True,6,1
Pantalon à carreaux fashion...,13.2,True,3,1
Body Koucla look latex,31.2,True,2,5
Short tendance fashion,10.8,True,1,3
Mini robe tricotée fashion...,24.0,True,3,1
Robe avec pierres...,67.2,True,2,5
Bottines tendance fashion,43.2,True,2,1
Boucles d'oreilles tendance,12.0,True,2,1
Body fashion,33.6,True,6,3
Veste fashion brillante...,57.6,True,2,1
Robe longue sexy en simili...,38.4,True,4,4
Pull sexy asymétrique,24.0,True,9,3
Jeans skinny sexy LOVE YOUR...,33.6,True,2,3
Body tendance asymétrique,22.8,True,5,5
Pull à col roulé sexy dos...,30.0,True,7,1
Mini jupe sexy aspect cuir,21.6,True,3,1
Chemisette longue sexy à...,33.6,True,4,5
Monokini sexy de luxe sans dos,26.4,False,1,1
Leggings tendance à taille...,12.0,True,6,3
Leggings taille haute tendance,15.6,True,7,4
Short en jeans sexy à 5 poches,25.2,True,1,3
Pantalon en cuir taille...,33.6,True,7,3
Top tendance manches...,22.8,True,3,1
Jeans sexy camouflage,36.0,True,2,1
Combinaison sexy simili...,43.2,True,2,1
Robe sexy à oeillets,33.6,True,2,3
Crop top sexy,18.0,True,6,1
Combinaison sexy avec...,40.8,True,3,1
Mini robe sexy à franges,45.6,True,5,4
Mini robe gogo sexy en...,24.0,True,3,1
Mini robe sexy manches...,31.2,True,7,1
Sandale sexy à hauts talons,40.8,True,3,3
Mini robe en tricot sexy...,9.6,True,5,4
Bustier sexy avec dentelle,13.44,True,5,4
Pull court en maille fine...,7.92,True,6,4
Top sexy avec strass,13.2,True,10,3
Robe sexy avec dentelle et...,36.0,True,5,3
Mini robe de soirée sexy...,7.8,True,6,3
Top sexy sans dos avec...,12.6,True,5,3
Bikini sexy avec strass,11.04,True,6,3
Jupe crayon sexy,15.6,True,6,1
Pantalon KouCla sexy avec...,16.8,True,2,1
Leggings Sexy Skinny KouCla,18.0,True,6,1
Bustier sexy KouCla avec...,13.44,True,4,4
Bikini sexy avec strass,10.56,True,4,4
Bikini sexy avec boucle...,10.56,True,5,3
Bikini triangle sexy avec...,9.6,True,4,4
Bikini triangle sexy à nouer,8.64,True,4,4
Ceinture tendance avec chaîne,5.28,True,4,1
Ceinture sexy bi couleur,4.8,True,3,4
Ceinture sexy à paillettes,2.88,True,5,4
Mini robe gogo sexy...,21.6,True,7,4
Short gogo sexy avec strass,7.2,True,4,1
Blouse sexy à lier dos nu,28.8,True,8,4
Bas de bikini brésilien sexy,12.0,True,10,3
Haut de bikini sexy tendance,10.8,True,7,5
Bikini avec coussinets...,21.6,True,5,4
Monokini sexy KouCla avec...,6.6,True,4,5
Crop top sexy KouCla avec...,10.8,True,2,4
Salopette sexy avec ceinture,43.2,True,2,2
Combishort sexy look...,18.0,True,3,2
Salopette sexy à manches...,43.2,True,4,4
Combinaison sexy effet...,43.2,True,4,1
Salopette sexy avec découpe...,43.2,True,4,1
Jupe crayon sexy effet...,26.4,True,2,4
Jupe sexy en simili cuir...,28.8,True,1,4
Treggings  sexy avec...,14.4,True,2,4
Treggings effet cuir sexy...,36.0,True,3,2
Pantalon sportswear...,33.6,True,4,1
Leggings destroy sexy,12.0,True,1,5
Leggings  sexy effet mouillé,15.6,True,3,4
Pantalon sexy Latex avec...,36.0,True,2,1
Robe KouCla sexy effet...,43.2,True,2,4
Mini robe sexy chauve...,28.8,True,5,1
Robe fourreau sexy avec...,36.0,True,5,1
Mini robe sexy KouCla,15.6,True,9,3
Mini-robe d'affaires sexy...,9.0,True,2,1
Mini robe sexy avec de la...,15.0,True,4,1
Robe sexy avec une bretelle...,7.8,True,4,1
Robe sexy KouCla asymétrique,36.0,True,7,1
Robe sexy en dentelle tendance,16.8,True,8,1
Mini robe sexy effet cuir,22.8,True,3,4
Robe sexy Koucla avec zip,36.0,True,5,4
Mini-robe sexy XMAS à capuche,33.6,True,1,5
Mini robe sexy,27.6,True,3,4
Robe de soirée sexy Koucla...,16.8,True,5,4
Mini robe sexy GoGo à...,15.6,True,6,4
Robe fashion en maille à...,31.2,True,9,3
Mini-robe sexy en maille...,24.0,True,6,5
Robe mi longue sexy en maille,33.6,True,6,3
Mini robe débardeur en...,27.6,True,6,2
Robe à bretelles sexy...,31.2,True,5,1
Robe droite sexy KouCla...,31.2,True,4,1
Robe sexy en dentelle avec...,33.6,True,5,4
Robe sexy bandeau,15.6,True,5,4
Robe bandeau sexy,18.0,True,7,4
Robe de soirée sexy...,45.6,True,3,4
Robe longue ajourée sexy...,22.8,True,5,1
Robe de soirée sexy bandeau...,57.6,True,3,1
Crop top sexy effet mouillé...,19.2,True,2,1
T-shirt tendance à épaules...,24.0,True,2,1
"Top sexy à manches longues,...",10.8,True,7,1
Pull sexy à col bardot avec...,9.6,True,6,1
Veste style motard sexy...,57.6,True,3,1
"Blazer sexy , décor clouté...",15.84,True,4,1
Blazer sexy avec poches...,25.2,True,4,1
Blazer sexy avec bouton,15.12,True,4,1
Pull sexy col v en maille...,22.8,True,6,1
Pull sexy KouCla avec perles,11.4,True,5,1
Pull tendance Koucla avec...,14.4,True,6,4
Pull en maille fine...,8.64,True,6,1
Sweat shirt tendance motifs...,16.2,True,6,1
Pull Koucla tendance...,15.6,True,5,1
Pull en maille tendance...,19.2,True,5,1
Cardigan en maille épaisse...,27.6,True,5,1
Cardigan tendance à nouer,21.0,True,5,5
Sweat à capuche tendance...,11.4,True,4,1
haut à bretelle sexy...,18.0,True,5,1
mini robe sexy fashion avec...,24.0,True,6,5
blazer sexy style femme...,38.4,True,4,1
chemisier en dentelle...,31.2,True,4,5
pull court sexy fashion,32.4,True,6,2
leggings fashion taille...,12.0,True,2,3
robe en maille fashion avec...,42.0,True,5,1
Robe en maille sexy...,34.8,True,4,1
Pantalon évasé en cuir sexy,36.0,True,3,2
Magnifique manteau tendance...,57.6,True,6,1
Pull effet cache-cœur sexy...,30.0,True,6,5
Salopette sexy en jeans,40.8,True,1,2
Pull col roulé sexy avec...,26.4,True,6,1
Jeans taille haute effet...,28.8,True,1,2
Ensemble deux pièces tendance,33.6,True,6,2
Pantalon taille haute...,18.0,True,4,1
Robe cache-cœur tendance en...,43.2,True,4,2
Pull effet cache-cœur...,33.6,True,4,1
Ensemble 2 pièces en...,33.6,True,6,1
Pull court tendance à nouer,22.8,True,7,1
Jeans skinny tendance...,31.2,True,1,2
Pantalon évasé taille avec...,16.8,True,5,1
Pull court tendance,28.8,True,5,2
Pantalon taille haute...,18.0,True,6,2
Pantalon taille haute...,14.4,True,5,2
Crop top manches courtes à...,14.4,True,6,1
Pantalon Must-Have Basic...,18.0,True,6,1
Robe mi-longue tendance...,37.2,True,4,5
Superbe robe longue d'été...,45.6,True,6,1
Longue robe avec fente,33.6,True,3,3
Robe longue tendance avec...,31.2,True,4,4
Mini robe à épaules...,31.2,True,3,2
Short d'été tendance à...,9.6,True,3,3
Jupe-short taille haute...,19.2,True,3,1
Short taille haute d'été...,9.6,True,3,3
Crop top tendance à bretelles,15.6,True,5,1
Crop top tendance froncé,21.6,True,5,1
Jeans taille haute effet usé,31.2,True,1,1
Crop top fashion avec découpes,19.2,True,7,1
Pantalon taille haute...,13.2,True,3,4
Ensemble lingerie 2 pièces,22.8,True,2,5
Jogging taille haute,15.6,True,6,4
Short look motard,10.8,True,1,3
Mini robe fashion avec imprimé,26.4,True,5,1
Robe mi-longue fashion en...,36.0,True,4,1
Mini jupe taille haute...,31.2,True,4,3
Mini robe tendance avec fleurs,40.8,True,6,4
Mini robe fashion effet...,33.6,True,5,1
Robe tendance imprimé animal,33.6,True,3,1
Crop top fashion à...,24.0,True,5,3
Jeans taille haute fashion...,33.6,True,1,4
Robe chemise effet mouillé...,40.8,True,2,4
Robe en simili cuir sexy...,31.2,True,2,1
Crop top tendance à nouer,15.6,True,5,4
Boucles d'oreilles tendance,9.6,True,2,1
Jupe taille haute en simili...,26.4,True,2,1
Short tendance avec poches...,31.2,True,2,4
Crop top fashion en simili...,19.2,True,4,2
Collants tendance,7.2,True,1,5
Robe midi fashion en satin...,38.4,True,4,3
Robe fashion en satin avec...,38.4,True,3,1
Mini robe fashion en satin,33.6,True,4,1
Robe fashion en maille...,31.2,True,6,1
Combinaison sexy avec...,62.4,True,5,3
Bas tendance,13.2,True,3,1
Mini robe moulante avec...,31.2,True,5,1
Manteau confortable en...,93.6,True,4,3
Top court tendance à...,10.2,True,4,1
Jeans coupe slim classique,28.8,True,1,2
Blouson aviateur fashion en...,62.4,True,2,5
Robe mi-longue fashion en...,38.4,True,4,5
Robe mi-longue fashion à...,33.6,True,4,4
Top court tendance à...,20.4,True,4,1
Bottines transparentes à...,24.0,True,4,1
Combinaison tendance à...,31.2,True,5,2
Robe d'été tendance en...,30.0,True,2,1
Jupe tendance,16.8,True,4,1
Jeans taille basse tendance...,31.2,True,1,1
Bandana-Top fashion avec...,8.4,True,5,1
Combinaison portefeuille...,21.6,True,6,5
Jeans fashion taille haute,40.8,True,1,5
Jeans skinny déchiré fashion,28.8,True,1,5
Jeans fashion taille haute,38.4,True,1,2
Haut d'été fashion à col...,20.4,True,5,4
Haut court fashion torsadé,24.0,True,3,4
Short d'été élégant fashion...,14.4,True,5,3
Top court fashion avec...,9.0,True,5,1
Haut tendance à lier,14.4,True,6,1
Mini robe moulante fashion...,31.2,True,6,1
Salopette sexy à manches...,33.6,True,10,1
Jeans skinny sexy à jambe...,32.4,True,1,4
Mini jupe sexy en denim...,31.2,True,1,1
Jeans sexy skinny déchiré,31.2,True,3,4
Haut fashion à manches...,18.0,True,2,4
Jupe midi tendance en...,24.0,True,2,1
Crop top effet mouillé fashion,10.8,True,3,3
Robe moulante fashion à une...,40.8,True,8,3
Haut à volants transparent...,15.6,True,4,1
Combinaison sweat tendance...,26.4,True,5,1
Haut fashion à une épaule à...,11.4,True,6,5
Blazer fashion à double...,45.6,True,5,3
Pantalon fashion en latex,30.0,True,5,1
Pantalon taille haute...,21.6,True,4,1
Bustier tendance KouCla,18.0,True,6,3
Salopette fashion en simili...,45.6,True,2,1
Crop top tendance aspect...,24.0,True,6,1
Mini robe fashion à col en...,36.0,True,5,1
Crop top tendance fashion,15.6,True,3,3
Robe fashion en velours...,31.2,True,6,1
Pull fashion en maille torsadé,25.2,True,3,1
Veste d'hiver tendance avec...,52.8,True,2,1
Leggins sexy aspect cuir...,20.4,True,1,1
Mini robe sexy clubwear Party,31.2,True,5,1
Pull tendance à capuche,26.4,True,7,1
Pantalon tendance taille haute,36.0,True,3,5
Robe Koucla moulante à...,24.0,True,5,1
Pull tendance en tricot KouCla,28.8,True,5,1
Pull court sexy à col roulé...,22.8,True,6,1
Crop top sexy effet mouillé,21.6,True,3,3
Boucles d'oreilles sexy,8.4,True,2,4
Ensemble tendance sportswear,21.84,True,6,1
Collier sexy grande lettre D,8.4,True,2,3
Collier sexy grande lettre C,8.4,True,2,1
Robe asymétrique sexy avec...,27.26,True,5,1
Sandales transparentes sexy...,36.0,True,2,1
Collier sexy lettre A,7.2,True,2,1
Short en Jeans sexy taille...,28.8,True,1,1
Combishort sexy avec des...,25.2,True,5,1
Combinaison sexy simili...,43.2,True,2,1
Crop top sexy à nouage dorsal,13.2,True,5,3
Combishort sexy,31.2,True,3,5
Robe sexy imprimé serpent,24.0,True,1,6
Combinaison sexy simili...,38.4,True,2,5
Bottines sexy en cuir,30.0,True,3,4
Crop top sexy en latex,18.0,True,5,4
Ceinture tendance en...,10.8,False,4,1
Mini robe sexy en tricot à...,21.6,True,7,2
"T-shirt sexy KouCla ""sexy...",7.8,True,8,1
T-shirt sexy KouCla avec...,4.5,True,8,1
Top sexy avec imprimé 'GEEK',6.0,True,2,3
Top à motif serpent sexy +...,11.4,True,2,2
Mini robe sexy avec dos nu,20.16,True,3,4
Robe sexy GoGo simili cuir...,9.36,True,3,4
Mini robe sexy transparente...,12.38,True,19,5
Short en jeans destroy sexy...,20.4,True,3,1
Jeans  destroy sexy Look...,22.8,True,2,1
jeans skinny sexy destroy...,24.0,True,2,5
Robe de soirée bandeau sexy...,23.52,True,10,3
Mini robe bandeau sexy avec...,10.8,True,7,3
Robe de soirée sexy en...,7.2,True,6,4
T-shirt sexy KouCla avec...,9.0,False,11,3
Mini robe sexy avec tour de...,5.7,True,3,3
Mini robe sexy avec ceinture,18.0,False,7,3
Bikini bandeau sexy avec...,11.52,True,5,4
Mini robe sexy manche...,7.8,True,7,6
Short sexy KouCla avec...,16.8,True,5,1
Pantalon skinny Look Biker...,18.0,True,1,2
Pantalon sexy en similicuir...,18.0,True,2,1
Pull sexy Koucla 2 en1,12.38,True,7,1
Pull chauve-souris tendance...,9.0,True,5,1
Pantalon skinny KouCla sexy...,18.0,True,1,1
Treggings sexy en...,14.4,True,6,1
Pantalon skinny sexy en...,18.0,True,2,1
Corsage sexy avec strass,9.6,True,7,1
Bikini sexy avec boucles...,9.6,True,3,2
Monokini sexy asymétrique...,10.56,True,4,4
Bikini triangle sexy avec...,10.56,True,4,3
Body sexy avec maille fine,10.2,True,6,1
Jeans skinny sexy taille haute,21.6,True,1,1
Sandales sexy à talons hauts,36.0,True,4,3
Sandales sexy à talons...,57.6,True,3,3
Sandales sexy à talons...,45.6,True,5,5
Sneakers tendance avec...,18.0,True,8,4
Ceinture sexy avec boucle...,4.32,True,3,3
Ceinture à chaussures sexy...,4.32,True,5,3
Ceinture tendance aspect...,6.24,True,1,4
Ceinture sexy en similicuir,21.6,True,1,3
Collier tendance,15.6,True,2,2
Collier sexy faux diamands,13.2,True,3,3
Bloucles d'oreilles avec...,3.36,True,2,4
Jambières sexy motif losanges,5.28,True,5,4
Bonnet tricoté tendance...,4.8,True,7,3
Robe sexy GoGo simili cuir...,18.0,True,4,4
Boucles d'oreilles sexy...,9.6,True,4,4
Chemisier sexy à nouer,13.2,True,4,3
Chemisier sexy avec noeud à...,31.2,True,2,4
Body sexy KouCla avec filet,19.2,True,2,4
Top bustier sexy effet satin,14.4,True,2,4
Top tendance KouCla,13.2,True,7,5
Crop top sexy en similicuir,26.4,True,4,5
Haut de bikini sexy ajustable,10.8,True,7,4
Bikini sexy,10.8,True,3,2
Bikini sexy à volants...,12.0,True,2,1
Monokini sexy avec des clous,6.0,True,4,2
Tankini sexy,6.6,True,5,2
Bustier sexy avec pierres...,24.0,True,4,1
Combinaison tendance...,30.0,True,2,4
Crop top sportswear tendance,7.2,True,5,1
Combinaison sexy KouCla...,40.8,True,3,1
Combinaison bandeau sexy...,43.2,True,4,1
Salopette business sexy,37.2,True,1,1
Combinaison en satin avec...,43.2,True,5,1
Salopette de soirée sexy...,43.2,True,3,3
Combishort sexy KouCla,33.6,True,5,3
Combinaison sportswear...,31.2,True,4,3
Pantalon skinny tendnce...,19.8,True,1,2
Jupe sexy en latex avec...,22.8,True,6,3
Pantalon sexy imprimé carré,18.0,True,1,1
Treggings sexy avec laçage,16.8,True,3,1
Pantalon sexy simili cuir...,36.0,True,2,1
Pantalon sexy en similicuir,38.4,True,2,2
Leggings sexy en dentelle...,19.2,True,3,1
Leggings sexy effet mouillé...,28.8,True,2,4
Leggings sexy simili cuir...,16.8,True,3,1
Leggings sexy effet mouillé...,13.2,True,4,1
Robe tendance en maille...,18.0,True,4,1
Leggings sexy simili cuir...,19.2,True,3,1
Leggings sexy motif léopard,6.6,True,2,2
Mini-robe sexy à col roulé...,26.4,True,5,1
Mini robe de soirée sexy,7.8,True,3,4
Mini-robe sexy KouCla bi...,15.6,True,5,3
Mini robe sexy gogo,30.0,True,3,4
Mini robe de soirée sexy...,24.0,True,6,3
Mini robe sexy GoGo avec...,36.0,True,2,1
Mini robe sexy KouCla GoGo...,36.0,True,2,4
Mini robe débardeur sexy,5.1,True,7,4
Robe sexy KouCla avec dentelle,28.8,True,8,2
Mini robe sexy effet mouillé,26.4,True,2,1
Mini robe sexy KouCla,31.2,True,1,1
"Mini robe sexy, dos nu avec...",7.2,True,5,2
Mini robe sexy avec...,33.6,True,5,4
Robe de soirée sexy simili...,24.0,True,3,4
Robe bandeau sexy KouCla...,16.8,True,5,1
Robe en maille à col roulé...,32.4,True,6,1
Robe en maille sexy,16.2,True,6,1
Robe Koulcla sexy avec strass,26.4,True,4,1
Robe à rayures en tricot...,24.0,True,5,1
Mini-robe bandeau sexy avec...,8.4,True,3,6
Mini robe sexy froncée avec...,28.8,True,3,1
Robe de soirée sexy,31.2,True,3,1
Robe fourreau sexy col au...,31.2,True,2,1
Robe longue de soirée sexy...,57.6,True,2,1
Mini robe sexy avec basque...,18.0,True,4,1
Robe longue de soirée sexy...,36.0,True,2,1
Robe de soirée sexy ajourée...,43.2,True,4,1
Robe longue de soirée sexy...,38.4,True,2,1
Top sexy transparent à...,14.4,True,3,1
Crop top sexy à manches...,15.6,True,7,1
Sweat sexy avec traîne,9.6,True,5,1
Sweat shirt tendance froissé,13.2,True,4,4
Blazer business sexy à...,24.0,True,6,1
Veste en similicuir sexy...,60.0,True,3,1
Pull sexy destroy,10.2,True,6,1
"Pull large tendance,...",18.0,True,7,1
Pull Koucla avec chaîne et...,12.0,True,6,1
Crop Pull sexy en maille...,12.0,True,7,1
Pull sexy,13.8,True,6,5
Sweat sexy look militaire,9.0,True,1,2
Pull sexy avec laçage et...,21.84,True,5,2
"Sweat shirt tendance ""cash...",11.4,True,5,1
Pull en maille tendance...,16.2,True,7,4
Pull tendance col rond,14.4,True,10,1
Robe pull sexy en maille...,22.68,True,5,4
Pull large Col roulé...,22.68,True,6,1
top court basique sexy fashion,14.4,True,12,5
leggins jeans taille haute...,12.0,True,2,5
body tendance sexy à...,24.0,True,1,5
robe fashion en maille sexy...,32.4,True,6,5
robe fashion en maille sexy...,32.4,True,6,5
cardigan fashion cache...,36.0,True,3,5
robe en maille fashion avec...,24.0,True,4,1
pull en maille fashion avec...,24.0,True,4,2
mini robe fashion avec col...,24.0,True,2,1
mini robe sexy tendance...,31.2,True,3,1
tee-shirt sexy tendance...,28.8,True,5,1
mini robe sexy fashion en...,33.6,True,4,3
jeans taille haute sexy...,28.8,True,2,1
jogging taille haute...,21.6,True,3,1
Pull sexy en maille fine...,31.2,True,4,1
Boucles d'oreilles créoles...,12.0,True,2,4
Short avec ceinture,28.8,True,3,3
Manteau oversize sexy avec...,52.8,True,5,5
Jupe en simili cuir taille...,24.0,True,3,1
Cardigan tendance,38.4,True,6,2
Veste en jeans sexy Must...,40.8,True,1,1
Veste d'hiver sexy en...,96.0,True,2,4
Manteau d'hiver sexy avec...,96.0,True,3,4
Jeans push up en denim...,28.8,True,1,2
Jeans push up taille haute...,28.8,True,1,2
Tellement Sexy... Jeans...,28.8,True,1,1
Cardigan court basique,27.6,True,5,2
Ensemble deux pièces tendance,33.6,True,6,2
Robe en maille sexy avec...,33.6,True,6,2
Robe tendance en maille...,33.6,True,5,4
Élégante robe mi-longue en...,28.8,True,4,1
Robe mi-longue en simili cuir,36.0,True,4,5
Bottines tendance Fashionista,55.2,True,3,4
Bottines à lacets Look...,55.2,True,3,2
Bottines tendance à nouer,57.6,True,3,4
Chemisier asymétrique sexy...,40.8,True,5,2
Combinaison à épaules...,27.6,True,4,1
Crop top fashion,14.4,True,4,2
Bikini tendance,26.4,True,1,4
Bikini tendance,26.4,True,3,1
Short en jeans taille haute...,21.6,True,2,2
Kimono tendance,36.0,True,2,1
Pantalon taille haute...,18.0,True,6,1
Robe bandeau fashion,33.6,True,4,2
Combinaison fashion,45.6,True,1,1
Short taille haute avec poches,24.0,True,5,5
Robe d'été tendance avec...,24.0,True,4,1
Mini robe tendance à nouer,25.2,True,5,1
Robe tendance aspect satin...,26.4,True,5,1
Robe longue look tendance...,31.2,True,6,4
Crop top cache-cœur...,13.2,True,1,1
Robe d'été tendance avec...,21.6,True,3,2
Bikini 2 pièces tendance...,22.8,True,4,1
Combinaison bandeau fashion...,16.8,True,3,2
Short en jeans taille haute...,28.8,True,1,1
Jupes-shorts à taille haute...,24.0,True,4,1
Robe d'été tendance avec...,24.0,True,3,1
Jupe-short avec boutons...,24.0,True,5,4
Robe imprimé floral,33.6,True,4,1
Mini robe bandeau avec imprimé,31.2,True,2,4
Robe tendance imprimé,24.0,True,4,3
Bikini fashion,22.8,True,5,1
Jupe look latex,21.6,True,3,4
Crop top fashion à un bras,21.6,True,5,1
Escarpins talons hauts,37.2,True,3,2
Pantalon taille haute...,13.2,True,2,4
Mini robe fashion en satin,31.2,True,4,4
Mini robe fashion à épaules...,34.8,True,4,1
Compensées fashion,45.6,True,3,4
Jogger tendance 'West Coast',15.6,True,6,1
Mini-robe fashion à...,33.6,True,5,4
Jeans fashion look usé,33.6,True,2,4
Robe t-shirt tendance effet...,26.4,True,4,5
Crop top fashion à...,18.0,True,5,1
Haut fashion en simili cuir...,18.0,True,2,1
Combi-pantalon fashion,33.6,True,5,3
Veste tendance à boutons,33.6,True,5,4
Ensemble 2 pièces veste...,31.2,True,6,1
Robe sweat à capuche fashion,28.8,True,5,3
Mini robe fashion,36.0,True,1,1
Mini robe fashion,36.0,True,3,4
Chemisier fashion aspect satin,30.0,True,5,1
Crop top fashion imprimé...,21.6,True,4,5
Pantalon fashion imprimé...,33.6,True,4,5
Robe chemise ajustée,38.4,True,5,2
Combinaison manches longues...,52.8,True,2,4
Robe fashion à bretelles en...,36.0,True,2,4
Cardigan moelleux à...,18.0,True,5,1
Pantalon évasé fashion,31.2,True,1,1
Pull court en maille fine,13.2,True,6,1
Leggings fashion en simili...,24.0,True,6,6
Mini robe de soirée fashion,33.6,True,5,2
Combinaison fashion,43.2,True,4,1
Boucles d'oreilles tendance,8.4,True,2,3
Combinaison fashion look...,36.0,True,2,1
Boucles d'oreilles...,14.4,True,2,5
Mini robe élégante en satin,40.8,True,4,1
Pantalon sexy en latex,36.0,True,2,1
Jeans fashion taille haute...,31.2,True,1,1
Boucles d'oreilles tendance...,6.0,True,2,5
Pull court fashion en...,14.4,True,4,1
Mini robe fashion à volants...,38.4,True,1,1
Pantalon fashion en faux...,43.2,True,2,6
Pull fashion à col en V,28.8,True,6,2
Short fashion taille haute,24.0,True,3,2
Body fashion Koucla,31.2,True,4,5
Haut court fashion,14.4,True,3,1
Mini jupe tendance à volants,21.6,True,4,1
Jeans skinny taille haute,31.2,True,1,1
Jeans fashion push-up look usé,31.2,True,1,5
Haut court Carmen à volants...,26.4,True,3,2
Veste d'hiver en simili...,80.4,True,2,1
Manteau d'hiver courte en...,108.0,True,3,1
Pantalon tendance avec fente,24.0,True,4,1
Haut court à manches...,12.0,False,4,1
Robe fashion à bretelles...,30.0,True,5,1
Jeans coupe slim fashion,31.2,True,1,1
Short tendance avec ceinture,13.2,True,3,1
Mules Plateau fashion,24.0,True,3,2
Robe longue tendance dos nu...,33.6,True,2,4
Pantalon classique tendance...,31.2,True,5,4
Paréo fashion,22.8,True,8,5
Bikini exotique fashion...,21.6,True,5,4
Monokini fashion dos nu,21.6,True,4,1
Jupe longue de plage en tulle,20.4,True,2,1
Top fashion dos nu,18.0,True,5,2
Haut fashion bandeau court...,7.2,True,9,3
Jeans skinny sexy aspect...,32.4,True,1,1
Top fashion à volants avec...,21.6,True,6,1
Robe moulante sexy basique...,24.0,True,5,3
Short en jeans sexy,28.8,True,3,1
Leggings sexy effet mouillé...,19.2,True,1,4
Body sexy en dentelle à...,21.6,True,6,1
Jeans tendance taille haute...,31.2,True,1,1
Mini robe fashion en satin...,33.6,True,5,1
Robe tendance en tricot à...,32.4,True,5,2
Robe midi tendance en maille,37.2,True,6,1
Jeans tendance,33.6,True,2,1
Ceinture corset élastique...,12.0,True,3,1
Boucles d'oreilles sexy et...,8.4,True,2,1
Bottes serpent colorées...,43.2,True,3,1
Bottines serpent lacées sexy,40.8,True,2,1
"Boucles d'oreilles ""Palyfull""",7.2,True,1,1
Ensemble sportswear tendance,31.2,True,5,4
Collier sexy lettre K,7.2,True,2,5
Collier sexy lettre F,7.2,True,2,3
Crop top sexy dos nu avec...,21.6,True,4,3
Sandales Talons hauts sexy...,38.4,True,3,4
Jupe-short sexy taille...,24.0,True,4,3
Robe longue sexy,31.2,True,1,3
Robe longue sexy avec...,40.8,True,3,3
Monokini sexy avec détails...,26.4,True,8,6
Short jeans tendance,26.4,True,1,3
Robe en jeans tendance avec...,45.6,True,1,1
Ceinture sexy à paillettes...,13.2,True,2,1
Combinaison tendance,38.4,True,7,1
Crop top sexy crochet,14.4,True,3,2
Combinaison short sexy avec...,36.0,True,3,2
Mini robe sexy look satin,33.6,True,5,1
Robe sexy bandeau avec zip...,26.4,True,1,1
Robe sexy ajourée avec imprimé,38.4,True,1,1
Robe sexy imprimée léopard...,26.4,True,1,1
Pull-over sexy avec laçage,21.6,True,7,1
Robe courte sexy à manches...,33.6,True,3,1
Cardigan en grosse maille...,28.8,True,6,1
Pull à capuche tendance en...,10.8,True,6,1
Robe sexy en maille KouCla...,24.0,False,5,1
T-shirt manches courtes...,6.0,True,8,4
"T-Shirt sexy ""Smoking Kills""",3.9,True,8,4
Mini robe sexy manche...,6.0,True,5,1
Top sexy gogo au look araignée,10.2,True,4,3
Robe bandeau sexy,18.0,True,5,2
Pull chauve souris sexy...,12.38,True,5,1
Robe de soirée sexy...,10.8,True,3,1
Mini robe sexy asymétrique...,9.36,True,6,1
Jupe crayon sexy KouCla...,16.8,True,4,1
Jeans skinny sexy destroy...,20.81,True,1,5
Bikini triangle sexy avec...,9.6,True,5,3
Bikini triangle sexy avec...,6.07,True,3,4
Bikini tendance avec...,10.56,True,4,4
Monokini sexy avec des pierres,6.07,True,4,5
Top bandeau sexy KouCla...,12.1,True,4,5
Body sexy KouCla avec dentelle,10.8,True,6,4
Jeans skinny sexy,22.8,True,1,4
Monokini Sexy extrême avec...,6.24,True,4,3
Sandales sexy hauts talons...,28.97,True,3,3
Sandales sexy semelle et...,45.6,True,2,4
Sandales sexy à talons...,28.8,True,3,3
Baskets tendance sneakers à...,21.84,True,4,4
neakers tendance avec...,31.2,True,4,1
Ceinture large tendance...,10.8,True,5,4
Ceinture sexy à paillettes,13.2,True,4,3
Ceinture sexy XXL,20.4,True,4,3
Ceinture tendance avec strass,6.24,True,4,2
Ceinture chaîne tendance,14.4,True,2,2
Ceinture tendance avec...,4.8,True,2,2
Ceinture sexy avec strass,19.2,True,2,4
Sac à main avec oeillets,12.0,True,5,4
Bracelet glamour avec...,5.28,True,4,1
Chaîne tendance avec perles,5.76,False,3,1
Bracelet tendance avec strass,6.6,True,3,4
tour de cou au crochet...,6.0,True,4,3
Créoles XL sexy avec perles,16.8,True,3,3
Ensemble GoGo sexy avec...,33.6,True,6,3
Soutien-gorge dentelle gogo...,10.8,True,2,3
Body gogo effet cuir sexy...,36.0,True,4,2
Mini robe bandeau sexy avec...,6.0,True,3,5
Sandales sexy à talons...,19.2,True,3,3
Blouse KouCla sexy,26.4,True,3,1
Body-chemise sexy,28.8,True,4,5
Crop top sexy KouCla aspect...,9.6,True,3,1
Crop top sexy KouCla effet...,18.0,True,2,5
Crop top sexy avec...,15.6,True,8,4
Top sexy KouCla avec strass...,18.0,True,6,4
Top sexy avec broderie,14.4,True,5,5
Crop top sexy à épaules...,13.2,True,7,3
Top sexy transparent avec...,24.0,True,4,4
Bikini sexy avec bretelles...,13.8,True,4,4
Bikini triangle sexy avec...,6.6,False,5,4
Bikini sexy avec découpes,13.2,True,4,4
Bikini sexy avec culotte à...,13.2,True,4,4
Bikini sexy motifs carreaux,12.0,True,3,4
Bikini bi couleur sexy,12.0,True,3,5
Bikini sexy avec look...,12.0,True,4,2
Bikini sexy avec chaînes,21.6,True,4,2
Monokini sexy avec strass,6.6,False,3,2
Monokini sexy avec anneaux...,7.2,True,5,2
Monokini KouCla tendance...,7.5,True,6,1
Monokini sexy KouCla...,30.0,True,7,1
Crop top sexy KouCla avec...,15.6,True,3,1
Top sexy fils de velours et...,21.6,True,3,4
Crop top en latex sexy KouCla,18.0,True,5,3
Combinaison sportswear...,36.0,False,2,3
Ensemble sportswear tendance,31.2,False,1,3
Combishort bandeau sexy...,11.76,True,3,3
Combishort sexy imprimé...,10.92,True,4,5
Combishort sexy imprimé...,16.8,True,3,4
Combi pantalon sexy look...,30.24,True,2,1
Salopette sexy à épaules...,38.4,True,3,4
Combishort sexy avec dentelle,33.6,True,2,1
Combinaison sexy KOUCLA...,36.0,True,2,3
Combinaison sexy effet...,33.6,True,1,2
Combinaison sportswear...,38.4,True,4,1
Combinaison de soirée sexy...,46.8,True,4,4
Combinaison sexy avec des...,36.0,True,2,1
Combinaison sexy...,19.2,True,2,1
Combi short tendance,14.4,False,3,3
Combinaison sexy KouCla,38.4,True,7,2
Combishort sexy KouCla avec...,36.0,True,5,1
Combinaison bandeau sarouel...,20.4,True,3,4
Jeans sexy entrejambe boutonné,36.0,True,1,1
Jupe de plage sexy avec tulle,19.2,True,7,1
Mini-jupe sexy en jeans à...,21.84,True,3,1
Jupe crayon sexy à carreaux...,14.4,True,1,1
Jupe crayon sexy KouCla...,14.4,True,1,4
Mini jupe en similicuir sexy,22.8,True,1,3
Pantalon en tissu tendance...,12.0,True,4,1
Pantalon sexy en similicuir...,40.8,True,2,4
Pantalon sexy Skinny effet...,30.0,True,1,3
Pantalon sexy en simili...,38.4,True,4,4
Treggings sexy en...,33.6,True,3,4
Pantalon sexy en similicuir...,43.2,True,1,4
Pantalon sexy simili cuir,19.2,True,3,4
Treggings sexy avec dentelle,22.8,True,4,4
Leggings sexy avec...,15.6,True,3,3
Leggings sexy simili cuir...,16.8,True,2,3
Leggings sexy brillant avec...,20.4,True,2,3
Leggings KouCla sexy,21.6,True,7,4
Mini robe sexy à manches...,31.2,True,6,4
Mini robe sexy KouCla effet...,28.8,True,2,1
Mini robe sexy KouCla avec...,30.0,True,4,5
Robe fourreau sexy,31.2,True,5,4
Robe sexy avec de la dentelle,36.0,True,4,1
Robe sexy Koucla avec...,28.8,True,5,1
Mini robe sexy,33.6,True,3,2
Mini robe sexy avec dentelle,31.2,True,3,6
Robe sexy bicolore en dentelle,36.0,True,3,1
Robe tendance asymétrique,24.0,True,8,8
Mini robe sexy à bretelles...,31.2,True,4,1
Mini robe sexy en cuir à...,38.4,True,3,2
Robe débardeur tendance,33.6,True,4,4
Mini robe sexy avec de la...,28.8,True,2,4
Mini-robe avec un décolleté...,31.2,True,4,4
Robe longue de soirée sexy...,43.2,True,3,4
Mini robe sexy effet cuir,32.4,True,4,5
Mini robe sexy go go simili...,33.6,True,2,5
Mini robe gogo sexy avec...,14.4,True,6,1
Mini robe bandeau sexy avec...,28.8,True,1,1
Robe bandeau sexy,36.0,True,5,1
Robe bandeau sexy à paillettes,6.0,False,4,1
Robe sexy KouCla au look marin,24.0,True,7,3
Robe en maille fine sexy,24.0,True,5,1
Robe en tricot fin tendance...,32.4,True,6,1
Robe longue en tricot sexy,16.2,True,6,1
Mini robe sexy en maille...,24.0,True,4,1
Robe sexy avec strass et...,36.0,True,4,1
Mini robe sexy pailletée...,40.8,True,4,3
Robe courte sexy à paillettes,31.2,True,3,1
Robe de soirée sexy effet...,40.8,True,3,4
Robe fourreau sexy avec de...,8.4,True,4,1
Robe de cocktail sexy avec...,36.0,True,5,1
Robe longue sexy KouCla...,33.6,True,4,1
Robe sexy bustier tendance,38.4,True,8,1
Robe de soirée sexy Koucla,52.8,True,3,1
Robe de soirée sexy,55.2,True,2,2
Robe longue sexy avec...,23.4,True,5,1
Robe longue Sexy...,38.4,True,2,1
Robe sexy  avec dentelle et...,30.0,True,1,1
Robe de soirée sexy Koucla,18.0,True,4,2
Mini robe sexy KouCla à...,31.2,True,6,2
Robe longue sexy avec de la...,36.0,True,4,2
Jeans tendance avec broderie,40.8,True,1,1
Top sexy KouCla en dentelle,20.4,True,6,4
Crop top sexy avec découpes,10.8,True,4,1
Crop top sexy à col bardot...,14.4,False,3,3
Sweat-shirts sexy,20.4,True,6,1
Robe d'été tendance,36.0,True,2,5
Crop top sexy à col bardot,24.0,True,5,1
Top sexy look portefeuille,21.6,True,6,1
Boléro sexy en dentelle à...,21.6,True,3,1
Crop top sexy col bardot...,15.6,True,3,5
Blazer KouCla sexy,15.12,True,4,5
Blazer sexy ajusté en...,25.2,True,2,1
Blazer cintré sexy à carreaux,21.6,True,3,1
Blazer sexy,36.0,True,1,3
Veste en similicuir sexy...,60.0,True,1,1
Doudoune courte tendance...,49.42,True,4,2
Sweat shirt tendance avec...,13.2,True,6,1
Pull tendance en tricot...,15.6,True,5,3
Pull tricoté sans ventre...,10.8,True,7,3
Pull oversize tendance...,16.8,True,5,3
Crop pull à capuche...,16.8,True,4,1
Cardigan KouCla sexy avec...,31.2,True,5,3
Pull sexy à col bardot,13.8,True,5,1
Pull en maille col roulé...,16.2,True,7,4
Pull long ajouré sexy à col...,16.2,True,6,1
Combishort tendance,40.8,True,4,4
Leggings tendance avec...,12.0,True,1,1
robe longue transparente...,21.6,True,2,2
mini jupe cache coeur sexy...,10.8,True,7,1
mules d'été à la mode avec...,26.4,True,4,1
robe taille haute sexy...,40.8,True,4,5
basket à enfiler tendance...,28.8,True,4,1
mini robe sexy fashion avec...,20.4,True,6,1
croptop sexy fashion avec...,18.0,True,6,1
salopette en jeans sexy...,33.6,True,1,1
top décolleté sexy fashion...,16.8,True,1,1
chemisier court sexy...,27.6,True,4,1
leggins thermique taille...,21.6,True,1,5
top court sexy fashion,22.8,True,3,5
ensemble sexy fashion...,38.4,True,4,1
salopette sexy fashion,40.8,True,6,1
pantalon jambe large...,14.4,True,6,5
ensemble lingerie 2 piéces,13.2,True,4,1
pantalon taille haute d'été...,19.2,True,6,2
mini robe sexy fashion col...,36.0,True,4,1
mini robe en jeans sexy...,64.8,True,1,1
body fashion sexy avec bras...,36.0,True,4,1
leggings galbant taille...,26.4,True,1,1
chemisier court fashion à...,21.6,True,6,1
jeans fashion effet push-up...,28.8,True,1,4
pull court sexy à manches...,32.4,True,5,1
robe fashion en maille sexy...,32.4,True,6,1
pull fashion à une épaule...,27.6,True,7,4
jeans push-up taille haute...,32.4,True,1,1
jeans taille haute fashion...,30.0,True,1,1
body fashion en similicuir...,28.8,True,4,1
robe en maille fashion avec...,36.0,True,6,1
jupe fashion taille haute,18.0,True,1,3
robe de soirée fashion avec...,43.2,True,3,2
jogging taille haute...,18.0,True,6,1
mini robe tendance sexy...,24.0,True,3,1
mini robe fashion avec...,31.2,True,1,1
mini robe portefeuille sexy...,33.6,True,2,1
mini robe sexy fashion avec...,33.6,True,1,1
robe en maille tendance...,28.8,True,5,1
mini robe sexy fashion avec...,31.2,True,1,2
robe en maille tendance 2 en 1,36.0,True,6,5
combinaison fashion sexy en...,57.6,True,3,4
Robe en tricot basique à...,28.8,True,6,5
Short taille haute sexy...,36.0,True,1,5
Cardigan oversize tendance,36.0,True,5,1
Pull court effet cache-cœur...,30.0,True,5,1
Robe sexy en grosse maille...,37.2,True,5,1
Robe asymétrique en maille...,33.6,True,5,2
Jeans taille haute tendance...,28.8,True,2,1
Boucles d'oreilles créoles...,14.4,True,2,5
Pull tendance,32.4,True,5,4
Tellement Sexy......,69.6,True,3,5
Robe en maille sexy avec...,32.4,True,6,1
Mini robe de soirée effet...,36.0,True,3,3
Mini robe de soirée sexy,34.8,True,3,4
Mini robe sexy,36.0,True,4,2
Jeans tendance,32.4,True,1,1
Manteau en fausse fourrure...,84.0,True,3,1
Robe en maille sexy à...,34.8,True,6,3
Mini robe à bretelles sexy...,33.6,True,5,4
Jeans push up effet usé sexy,28.8,True,1,1
Pull tendance cache-cœur à...,28.8,True,6,2
Pantalon sexy taille haute...,24.0,True,6,4
Chemisier court tendance...,33.6,True,6,3
Ensemble assorti 2 pièces...,43.2,True,6,2
Robe en maille tendance,33.6,True,6,2
Crop top tendance à manches...,28.8,True,5,2
Boucles d'oreilles tendance...,4.8,True,2,3
Pantalon taille haute...,33.6,True,3,4
Ensemble 2 pièces Fashionista,60.0,True,5,3
Chemise fashion,31.2,True,5,5
Pantalon simili cuir 'Thong...,40.8,True,3,1
Boucles d'oreilles aspect...,8.4,True,5,1
Ensemble 2 pièces tendance,48.0,True,4,1
Pull sexy à épaules dénudées,28.8,True,4,4
Mini robe sexy à manches...,28.8,True,5,1
Jeggings taille haute évasé,24.0,True,3,4
Must Have - Pantalon taille...,19.2,True,6,4
Bottes sexy,40.8,True,4,2
Bottines à lacets tendance,60.0,True,3,2
Pull col roulé basique sans...,19.2,True,7,1
Combinaison tendance à...,48.0,True,5,3
Mini robe tendance en maille,31.2,True,5,1
Mini robe tendance avec strass,36.0,True,4,1
Tellement Sexy... Robe...,26.4,True,3,1
Pantalon évasé taille haute...,20.4,True,7,1
Ensemble 2 pièces gogo,20.4,True,4,3
Jeans push up taille haute...,28.8,True,1,2
Bikini Brésilien sexy,26.4,True,2,2
Jeans évasé taille haute blanc,31.2,True,1,1
Short en jeans taille haute...,24.0,True,1,1
Crop top tendance look...,26.4,True,5,1
Crop top crocheté tendance,20.4,True,3,5
Combinaison fashion à...,28.8,True,5,5
Short tendance Gym-Sport,14.4,True,5,2
Body bandeau fashion avec...,21.6,True,5,1
Short en jeans taille haute...,26.4,True,3,1
Jupe-short en jeans taille...,33.6,True,2,3
Short look usé,27.6,True,1,4
Robe longue latina avec...,45.6,True,2,4
Crop top simili cuir...,24.0,True,2,1
Jupe crayon tendance KouCla,22.8,True,1,1
Robe longue tendance 3en1...,21.6,True,3,5
Robe longue fashion en...,33.6,True,5,1
Robe fashion à Paillettes...,24.0,True,5,1
Kimono de plage transparant,30.0,True,2,1
Shorts fashion en simili...,13.2,True,6,1
Crop top fashion à Manches...,19.2,True,4,1
Crop top cache-cœur fashion...,13.2,True,3,1
Bikini 2 pièces tendance...,22.8,True,3,4
Crop Top simili cuir...,24.0,True,2,1
Combinaison fashion avec...,20.4,True,3,1
Combinaison tendance avec...,20.4,True,2,1
Combinaison tendance à...,20.4,True,3,4
Short d'été tendance avec...,9.6,True,2,1
Jupe-short tendance Koucla...,30.0,True,3,1
Pantalon d'été taille haute...,12.0,True,4,1
Short en jeans taille haute,28.8,True,2,1
Sandales fashion à talons...,43.2,True,2,1
Kimono tendance,36.0,True,7,3
Jupe-short taille haute,27.6,True,4,1
Mini robe fashion,33.6,True,4,3
Bikini tendance,22.8,True,5,1
Mini jupe fashion avec chaîne,21.6,True,5,1
Jupe fashion en simili cuir,26.4,True,4,5
Ensemble lingerie 2 pièces,21.6,True,2,1
Ensemble 2 pièces fashion,36.0,True,2,1
Leggings fashion,12.0,True,6,1
Leggings fashion avec effet...,16.8,True,6,1
Short tendance look usé,32.4,True,2,5
Robe mi-longue tendance...,36.0,True,5,1
Crop top asymétrique fashion,15.6,True,5,1
Top sexy fashion aspect...,22.8,True,6,3
Combinaison printemps...,33.6,True,5,1
Robe fashion aspect latex...,43.2,True,4,3
Ensemble 2 pièces tendance...,31.2,True,6,1
Leggings taille haute...,12.0,True,5,1
Mini robe tendance,31.2,True,5,1
Robe scintillante fashion,26.4,True,3,2
Mini robe fashion à...,31.2,True,1,1
Jeans boy friend tendance,30.0,True,1,1
Jeans taille haute basique...,28.8,True,1,1
Ensemble 2 pièces tendance,36.0,True,6,1
Ensemble 2 pièces à paillettes,37.2,True,5,1
Blazer court à nouer,33.6,True,5,1
Robe blazer tendance,45.6,True,3,1
Salopette fashion avec...,52.8,True,2,1
Pantalon fashion en latex à...,36.0,True,5,1
Pull court en maille fine...,21.6,True,7,3
Mini robe fashion Koucla à...,36.0,True,3,1
Combinaison fashion en...,43.2,True,4,6
Cardigan en maille tendance...,16.8,True,4,1
Robe de soirée fashion à...,31.2,True,2,1
Pull fashion look portefeuille,15.6,True,5,1
Robe en maille fashion à...,19.2,True,5,1
Pull court look oversize,13.8,True,4,5
Robe fashion en simili cuir...,36.0,True,3,1
Veste d'hiver tendance avec...,36.0,True,3,2
Boucles d'oreilles fashion,4.8,True,2,1
Manteau oversize d'hiver...,39.6,True,2,1
Haut court tendance aspect...,26.4,True,4,1
Body tendance effet satin,31.2,True,5,1
Top court fashion à manches...,30.0,True,5,1
Veste tendance à carreaux,24.0,True,3,1
Robe de chambre fashion...,31.2,True,2,1
Boucles d'oreilles...,9.6,True,4,3
Pull oversize en tricot...,28.8,True,3,3
Short taille haute fashion...,13.2,True,2,1
Pull court fashion à col en V,22.8,True,5,1
Haut corset fashion en...,26.4,True,4,5
Boucles d'oreilles...,4.8,True,2,1
Chemisier élégant aspect...,31.2,True,4,4
Jeans tendance look usé,31.2,True,1,1
Pull côtelé sexy à col roulé,27.6,True,6,1
Robe tendance,38.4,True,4,5
Mini robe tendance avec...,26.4,True,3,1
Robe fashion avec fente et...,31.2,True,5,3
Jeans skinny tendance...,31.2,True,1,1
Mini robe moulante fashion...,32.4,True,3,1
Robe en maille déchirée...,33.6,True,5,4
Mini-jupe fashion en simili...,30.0,True,3,1
Pull tendance à dos ouvert,22.8,True,3,1
Haut court tendance,21.6,True,2,4
Combinaison sexy skinny...,38.4,True,5,1
Combinaison tendance...,43.2,True,4,1
Escarpins transparents,24.0,True,2,1
"Mini robe à bretelles,...",31.2,True,6,1
Robe de plage tendance,28.8,True,3,1
Chemisier élégant et...,31.2,True,4,1
Robe longue tendance à col...,40.8,True,6,4
Short en jeans taille haute...,24.0,True,1,1
Combinaison tendance à...,39.6,True,4,1
Combi-short tendance,45.6,True,2,4
Robe tendance à longues...,27.6,True,6,1
Chemisier court tendance à...,26.4,True,6,5
Body tendance avec découpes,20.4,True,5,2
Compensées...,34.8,True,2,3
Lunettes de soleil œil-de-chat,12.0,True,4,1
Lunettes rectangulaires...,9.6,True,3,1
Blazer classique fashion...,48.0,True,5,4
Robe fashion avec rayures...,26.4,True,5,3
Jeans fashion taille haute...,40.8,True,1,1
Pantalon fashion à jambes...,24.0,True,5,1
Robe d'été basique sexy à...,21.6,True,5,3
Ensemble fashion pantalon...,38.4,True,7,3
Robe moulante fashion...,31.2,True,6,4
Jeans skinny gris déchiré,32.4,True,1,1
Haut sexy dos nu à lacets,20.4,True,8,4
Ensemble fashion 'BE...,28.8,True,6,1
Robe asymétrique fashion à...,31.2,True,1,3
Robe fashion à volants à...,31.2,True,8,1
Robe moulante fashion à...,28.8,True,5,3
Top fashion 2en1 à bretelles,24.0,True,6,3
Crop top tendance avec...,19.2,True,6,1
"Ensemble fashion, pantalon...",52.8,True,2,2
Pantalon de survêtement...,32.4,True,7,3
Crop top à une épaule Koucla,10.8,True,3,6
Ensemble fashion,26.4,True,1,2
Ensemble fashion avec...,26.4,True,4,3
Robe tricotée fashion...,24.0,True,7,2
Jeans skinny fashion look usé,28.8,True,1,1
Mini robe asymétrique tendance,33.6,True,5,1
Robe de soirée tendance...,50.4,True,1,1
Robe fashion en tricot dos...,36.0,True,5,1
Pull court fashion avec...,24.0,True,6,1
Jeans déchiré tendance look...,36.0,True,1,1
Boucles d'oreilles Sexy,8.4,True,2,1
Mini jupe sexy taille haute...,31.2,True,8,1
Ensemble tendance,48.0,True,5,1
Pull en tricot oversize...,16.8,True,6,1
Bottines tendance avec boucle,33.6,True,4,1
Combinaison bandeau sexy...,36.0,True,3,1
Bottes Cowgirl croc,43.2,True,2,1
Boucles d'oreilles tendance,4.8,True,2,1
"Pull côtelé sexy, laçage au...",26.4,True,6,4
Jupe taille haute en...,33.6,True,2,1
Robe sexy asymétrique,24.0,True,6,4
Ensemble short et top...,23.52,True,7,1
Collier sexy grande lettre F,8.4,True,2,1
Collier sexy grande lettre A,8.4,True,2,1
Collier sexy lettre S,7.2,True,2,1
Collier sexy lettre J,7.2,True,2,1
Monokini sexy de luxe,26.4,True,1,1
Crop top sexy décolleté en...,25.2,True,2,1
Crop top sexy à épaules...,24.0,True,6,1
Robe en jeans tendance avec...,45.6,True,1,1
Mini robe sexy à manches...,21.84,True,6,1
Jeans taille haute sexy,31.2,True,1,1
Pantalon sexy branché,15.6,True,6,5
Robe tendance,43.2,True,5,4
Crop top sexy simili cuir,21.6,True,1,4
Mini robe sexy avec maille,26.4,True,2,3
Robe sexy bustier motifs...,16.8,True,5,3
Robe longue sexy à col...,38.4,True,2,4
T- shirt transparent sexy...,12.96,True,9,3
Top sexy imprimé FAME,6.0,True,2,4
Short 2 en 1 sexy en...,10.8,True,4,4
Leggings sexy en similicuir...,15.6,True,2,3
Robe de cocktail sexy...,9.0,True,7,3
Mini robe de cocktail sexy...,7.2,True,6,1
Mini robe bandeau sexy à...,18.0,True,7,4
Mini robe bandeau sexy avec...,10.8,True,6,4
Robe bandeau sexy avec des...,15.6,True,6,4
Mini robe sexy avec boucle...,20.59,True,7,4
Treggings sexy aspect cuir,19.2,True,1,5
Bikini sexy avec imprimé...,9.6,True,6,4
Body sexy en tissu résille...,12.0,True,4,4
Crop top manches longues...,12.96,True,4,1
Mini robe sexy avec Aspect...,18.0,True,3,4
Pantacourt en jeans tendance,20.4,False,2,1
Mini robe sexy avec des...,15.6,True,4,4
Monokini sexy,6.26,True,2,3
Sandales sexy à talons hauts,26.4,True,2,4
Bottines sexy ouvertes à...,22.8,True,4,1
Escarpins sexy hauts talons,48.0,True,5,4
Escarpins sexy hauts talons...,48.0,True,3,3
Sandales tendance à franges,36.0,True,3,3
Escarpins sexy avec fausse...,38.4,True,4,4
Escarpins sexy à talons...,40.8,True,3,4
Baskets tendance sneakers,20.4,True,2,4
Baskets tendance,15.6,True,3,4
Bottines sexy à talons...,21.6,True,3,4
Bottines sexy à talons...,28.8,True,2,5
Cuissardes sexy effet suèdine,117.6,True,3,2
Ceinture sexy avec strass...,7.2,True,4,1
Ceinture sexy avec goujons...,6.24,True,4,2
Ceinture sexy avec chaîne...,5.76,True,3,2
Ceinture sexy avec strass...,6.72,True,3,4
Ceinture tendance effet...,7.68,True,4,2
Ceinture sexy avec œillets,5.28,True,6,1
Ceinture sexy avec des...,5.28,True,3,1
Ceinture sexy avec strass...,20.4,True,3,1
Ceinture sexy en similicuir...,24.0,True,5,1
Ceinture cloutée tendance,7.68,True,5,1
Ceinture sexy avec strass...,7.2,True,3,1
Tour de cou sexy en velours...,7.2,True,2,4
Chaîne tendance avec...,6.72,True,5,4
Bracelet XL sexy avec...,4.32,True,2,1
Bracelet tendance à perles,5.4,True,5,1
Collier sexy lettre R faux...,2.4,True,1,1
Collier sexy lettre N faux...,2.4,True,1,1
Collier sexy serpent faux...,19.2,True,2,3
Collier tendance avec...,6.6,True,2,3
Boucles d'oreilles sexy...,16.8,True,3,3
Créoles sexy,4.8,True,2,4
Ensemble fashion sexy,13.2,True,4,3
Mini robe sexy GoGo avec...,24.0,True,2,3
Ensemble gogo sexy effet...,18.0,True,3,3
Escarpins scintillants sexy...,50.4,True,5,1
Salopette d'été tendance...,33.6,True,8,4
Chemisier tendance avec traîne,10.8,True,4,3
T-shirt KouCla XXL asymétrique,18.0,True,7,3
Body blouse sexy look business,30.0,True,4,1
Body effet mouillé sexy...,18.0,True,2,3
Body sexy effet mouillé...,21.6,True,2,4
Body tendance à manches...,26.4,True,2,3
Body en maille côtelé sexy...,21.6,True,2,1
Body sexy à manches longues,28.8,True,2,3
Débardeur court sexy KouCla,12.0,True,5,4
Crop top sexy avec dentelle...,24.0,True,5,1
Top sexy avec broderie,14.4,True,10,1
Top sexy à bretelles spaghetti,13.2,True,7,1
Crop top sexy,8.4,True,7,1
Crop top sexy tendance,13.2,True,9,1
Monokini sexy avec découpes,12.0,True,3,1
Bikini sexy à volants...,11.4,True,3,3
"Bikini bi-couleur sexy,...",10.8,True,3,3
Monikini sexy avec des pierres,6.6,False,5,1
Monokini sexy avec imprimé...,6.6,True,2,1
Monokini sexy,10.8,True,4,1
Monokini sexy imprimé...,19.2,True,2,1
Monokini sexy,26.4,True,3,1
Monikini avec strass sexy,26.4,True,4,1
Débardeur sexy effet...,19.2,True,2,1
Crop top sexy effet mouillé...,16.8,True,1,2
Crop top sexy,24.0,True,3,1
Combinaison tendance dos sexy,38.4,True,2,1
Combinaison sexy,37.2,True,6,4
Salopette sexy avec de la...,43.2,True,3,4
Combinaison élégante KouCla...,38.4,True,1,4
Combinaison bandeau sexy en...,62.4,True,2,1
Combinaison KouCla sexy...,43.2,True,3,1
Combinaison sexy avec un...,40.8,True,3,4
Salopette sexy avec...,23.52,True,5,4
Short sexy effet mouillé...,18.0,True,2,4
Short sexy avec jupe longue...,31.2,True,2,4
Jupe crayon sexy KouCla...,27.6,True,1,4
Jupe en jeans sexy à...,20.16,True,3,4
Mini jupe sexy simili cuir...,26.4,True,1,1
Mini jupe basique sexy,16.8,True,2,4
Jupe crayon sexy business...,31.2,True,5,6
Mini jupe sexy effet...,24.0,True,4,5
Jupe crayon sexy KouCla,21.6,True,4,2
Pantalon sexy effet mouillé...,15.6,True,1,1
Pantalon taille haute sexy...,40.8,True,1,1
Pantalon sexy en similicuir...,38.4,True,1,1
Pantalon sexy en cuir...,36.0,True,1,1
Pantalon sexy en simili cuir,36.0,True,2,1
Pantalon en similicuir...,40.8,True,1,4
Leggings sexy imprimé Léopard,10.2,True,4,1
Leggings sportswear...,28.8,True,3,1
"Leggings sexy look velours,...",13.2,True,5,1
Leggings sexy avec...,16.8,True,2,3
Leggings skinny sexy look...,15.6,True,1,1
Leggings sexy avec...,15.6,True,3,1
Mini robe sexy KouCla,30.0,True,2,1
Mini robe sexy Go-Go avec...,24.0,True,3,1
Leggings tendance avec...,10.8,True,2,1
Robe longue sexy manches...,43.2,True,5,1
Robe longue de soirée sexy...,21.6,True,2,1
Robe longue sexy dos nu...,43.2,True,4,1
Mini robe sexy avec manches...,28.8,True,5,1
Robe sexy tendance en dentelle,33.6,True,5,4
Robe pull sexy en tricot...,22.8,True,5,1
Mini robe sexy avec de la...,26.4,True,5,2
Mini robe sexy dos nu avec...,15.6,True,5,1
Robe fourreau sexy avec...,31.2,True,4,5
Robe droite sexy à manches 3/4,31.2,True,2,1
Mini robe sexy KouCla...,28.8,True,4,1
Robe fourreau sexy avec laçage,33.6,True,3,1
Robe sexy avec une boucle...,15.6,True,4,5
Robe mi-longue sexy Koucla...,36.0,True,4,5
Robe fourreau sexy avec de...,36.0,True,3,5
Mini robe sexy aspect...,28.8,True,1,5
Robe sexy pailletée,31.2,True,3,5
Mini robe sexy tendance...,31.2,True,7,3
Mini robe sexy bicolore...,26.4,True,3,1
Robe bustier sexy tendance,31.2,True,9,1
Mini robe sexy asymétrique...,31.2,True,3,1
Robe de soirée sexy à...,31.2,True,4,5
Mini robe sexy KouCla Look...,31.2,True,5,1
Mini robe sexy dos nu avec...,33.6,True,1,2
Mini robe sexy col bénitier...,33.6,True,8,1
Robe de soirée sexy,28.8,True,3,1
Robe sexy avec insert en...,33.6,True,3,5
Mini robe sexy asymétrique,31.2,True,3,4
Mini robe simili cuir sexy,28.8,True,4,4
Robe sexy bandeau transparente,26.4,True,9,5
Mini robe sexy à nouer,28.8,True,4,7
Mini robe sexy avec des...,28.8,True,3,2
Mini robe sexy avec des...,24.0,True,2,4
"Mini-robe sexy avec basque,...",31.2,True,4,1
"Mini robe sexy à bretelles,...",15.6,True,5,5
Mini-robe bandeau sexy avec...,6.6,True,6,2
"Robe sexy en maille fine,...",16.8,True,5,6
Robe sexy en maille côtelée,15.6,True,4,3
Robe sexy en maille avec...,26.4,True,7,8
Mini robe bandeau sexy...,9.0,True,8,7
Robe pull sexy en maille...,24.0,True,6,5
Mini robe sexy en maille...,24.0,True,6,8
Robe en maille sexy avec...,18.0,True,1,7
Robe sexy avec fente,31.2,True,4,4
Mini-robe sexy avec des...,31.2,True,3,1
Robe bustier cocktail sexy,16.8,True,6,6
Robe fourreau sexy KouCla,36.0,True,4,5
Robe crayon sexy bi couleur,31.2,True,4,2
Mini robe sexy,28.8,True,3,3
Mini robe sexy avec de la...,15.6,True,10,3
Robe longue de soirée sexy,55.2,True,3,8
Robe longue de soirée sexy,55.2,True,3,1
Robe longue sexy KouCla...,50.4,True,3,3
Robe bandeau tendance,31.2,True,5,3
Robe sexy avec son décolleté,28.8,True,6,8
Robe longue de soirée sexy,55.2,True,3,8
Robe longue sexy dos nu,57.6,True,5,5
Robe longue sexy avec des...,43.2,True,3,1
Jeans sexy réversible 2 en...,45.6,True,1,1
Pantalon sexy camouflage,21.6,True,1,5
Sweat tendance avec dentelle,9.6,True,5,4
Sweat-shirts sexy à manches...,19.2,True,7,1
Pull col bardot tendance,10.8,True,5,2
Pull en maille tendance,11.4,True,4,1
T shirt sexy rayé,19.2,True,2,2
Crop top sexy Koucla,18.0,True,7,4
Blazer sexy,24.0,True,4,5
Pull sexy en maille,26.4,True,6,3
Pull sexy col V,14.4,True,6,4
"Pull long sexy ""GLAM""",21.84,True,5,4
Sweat sexy 'LOVE KOUCLA Girls',9.0,True,4,6
Pull en maille ample...,22.8,True,5,6
Crop pull sexy en maille...,22.8,True,6,7
Pull sexy à rayures dos nu,11.4,True,6,1
Pull tendance dos bénitier...,10.2,True,6,7
Pull grosse maille sexy...,15.6,True,7,8
Kimono à manches longues...,28.8,True,7,1
robe d'été fashion avec...,38.4,True,2,3
ensemble sexy fashion à...,33.6,True,1,8
grande robe sexy fashion...,31.2,True,5,1
bikini 2 pièces sexy...,26.4,True,4,8
monokini sexy fashion avec...,28.8,True,3,4
robe babydoll en mousseline...,31.2,True,5,2
mini robe sexy fashion avec...,36.0,True,3,2
robe bandeau longue sexy...,28.8,False,1,8
jeans cargo sexy fashion...,33.6,True,3,1
basket tendance à enfiler...,28.8,True,6,3
bandeau sexy fashion style...,45.6,True,4,5
salopette bandeau sexy...,45.6,True,4,7
"t-shirt sexy fashion ""glamour""",21.6,True,6,8
short en jeans sexy fashion...,28.8,True,1,8
short en jeans sexy fashion...,28.8,True,1,4
short en jeans sexy fashion...,28.8,True,2,6
short en jeans sexy fashion...,28.8,True,1,3
jeans skinny sexy fashion...,33.6,True,1,4
jupe-short sexy fashion...,31.2,True,3,3
mini robe sexy fashion à...,33.6,True,4,1
body sexy fashion avec...,28.8,True,3,7
chemisier court froncé sexy...,24.0,True,3,5
jeans taille haute sexy...,34.8,True,1,1
top drapé sexy fashion avec...,20.4,True,2,8
jeggins taille haute sexy...,19.2,True,6,3
mini robe sexy fashion en...,30.0,True,6,2
robe mi-longue froncé sexy...,36.0,True,4,3
jeans déchiré taille haute...,33.6,True,1,2
pantalon taille haute sexy...,30.0,True,3,2
combinaison sexy fashion à...,40.8,True,2,8
